0.5084429979324341,0.7025524377822876,-6.145772317722731e-07,0.44040802121162415,0.7150465846061707,-0.06312272697687149,0.3365902304649353,0.6174840927124023,-0.08721108734607697,0.2928939461708069,0.5031598210334778,-0.10419357568025589,0.31486746668815613,0.3964979350566864,-0.10738112032413483,0.3179251551628113,0.4649306833744049,-0.023956749588251114,0.27701568603515625,0.48378080129623413,-0.08588986843824387,0.3176269829273224,0.5538701415061951,-0.10457427054643631,0.34374403953552246,0.5367447137832642,-0.10922688245773315,0.3706332743167877,0.4206106960773468,-0.013627255335450172,0.3473116457462311,0.44050636887550354,-0.07878626137971878,0.38418957591056824,0.5576062202453613,-0.07191932946443558,0.3915586769580841,0.5238210558891296,-0.04791425168514252,0.42949801683425903,0.4125758111476898,-0.01899636723101139,0.42520859837532043,0.4636707603931427,-0.08026531338691711,0.44710206985473633,0.5682393312454224,-0.053264934569597244,0.45206183195114136,0.5299984812736511,-0.018298393115401268,0.48986726999282837,0.41165149211883545,-0.031914617866277695,0.48473891615867615,0.4700869917869568,-0.06715967506170273,0.49632692337036133,0.5356287956237793,-0.05901831015944481,0.5004183053970337,0.5087725520133972,-0.042466480284929276,Rock
0.46912431716918945,0.6704965829849243,-3.2530030580346647e-07,0.48027244210243225,0.5846838355064392,0.01414105761796236,0.46934765577316284,0.5015500783920288,0.010615329258143902,0.43571197986602783,0.4425162672996521,0.006197648588567972,0.40265876054763794,0.41795074939727783,0.0011347300605848432,0.4616595506668091,0.46876153349876404,-0.03216727450489998,0.3848457932472229,0.3937944769859314,-0.036748580634593964,0.3681133985519409,0.4188295304775238,-0.030104011297225952,0.3742593228816986,0.4466424286365509,-0.02431604638695717,0.4255356788635254,0.5011281371116638,-0.042786452919244766,0.352811723947525,0.44669148325920105,-0.04182900860905647,0.35366934537887573,0.47765570878982544,-0.028490100055933,0.37335944175720215,0.4998324513435364,-0.022791754454374313,0.389214426279068,0.5371589660644531,-0.049289271235466,0.3306076228618622,0.4850403070449829,-0.042745910584926605,0.3363932967185974,0.512143075466156,-0.02406958118081093,0.3541472256183624,0.5326197743415833,-0.017271503806114197,0.3554205596446991,0.57596355676651,-0.054260652512311935,0.31814128160476685,0.5277196168899536,-0.04904277250170708,0.32758834958076477,0.5494595766067505,-0.03374186530709267,0.3418547809123993,0.5683342218399048,-0.024701077491044998,Rock
0.49596238136291504,0.7010340690612793,-3.370984416051215e-07,0.508618950843811,0.6119383573532104,0.013029984198510647,0.4905661940574646,0.5283986330032349,0.006733208429068327,0.44079241156578064,0.4801713824272156,-0.0006217110785655677,0.3947974443435669,0.4740634560585022,-0.009180509485304356,0.491183876991272,0.4903288781642914,-0.03559970110654831,0.4079152047634125,0.41734883189201355,-0.04395715892314911,0.3890626132488251,0.4441143870353699,-0.04002681002020836,0.3940194547176361,0.4723687767982483,-0.03589697927236557,0.45363304018974304,0.5261562466621399,-0.04748405143618584,0.3777972459793091,0.4696216583251953,-0.04826262965798378,0.3781442642211914,0.5032418370246887,-0.03558206930756569,0.3979259729385376,0.52740478515625,-0.030530884861946106,0.41535601019859314,0.5656675100326538,-0.05539819970726967,0.35393255949020386,0.5110813975334167,-0.05186578258872032,0.36010509729385376,0.5434102416038513,-0.032818689942359924,0.37915799021720886,0.566460371017456,-0.02534658834338188,0.3793221414089203,0.6082265973091125,-0.06168746575713158,0.3359590470790863,0.5539301633834839,-0.0589568167924881,0.34541645646095276,0.5793365240097046,-0.043022915720939636,0.3615080416202545,0.6007031202316284,-0.03340969979763031,Rock
0.4904452860355377,0.7093332409858704,-3.198429396888969e-07,0.4976230263710022,0.6204813122749329,0.014015269465744495,0.4740475118160248,0.5302953720092773,0.008846070617437363,0.42065826058387756,0.47826239466667175,0.003344976808875799,0.37054339051246643,0.4702700972557068,-0.0040981704369187355,0.4794226288795471,0.5006062984466553,-0.03706253319978714,0.3999219834804535,0.43288546800613403,-0.04227811470627785,0.36856451630592346,0.44319212436676025,-0.03580467030405998,0.3548092246055603,0.4613100588321686,-0.03091476857662201,0.4438588619232178,0.5381190180778503,-0.04917806759476662,0.3683064579963684,0.48548150062561035,-0.04769282788038254,0.371349573135376,0.5166327953338623,-0.03329627588391304,0.39038875699043274,0.5409281253814697,-0.027974160388112068,0.4083178639411926,0.5801778435707092,-0.05664827674627304,0.34710055589675903,0.5282102823257446,-0.05177983269095421,0.35610711574554443,0.5585528016090393,-0.03128289058804512,0.3745005130767822,0.58111971616745,-0.023770878091454506,0.37441304326057434,0.6251401901245117,-0.0623086653649807,0.32989799976348877,0.5737231969833374,-0.05871329456567764,0.34070417284965515,0.5974968671798706,-0.04216831177473068,0.35644787549972534,0.6186071634292603,-0.032982319593429565,Rock
0.5196195840835571,0.7038967609405518,-5.991294642626599e-07,0.4554125666618347,0.6846514940261841,-0.03379649296402931,0.40720319747924805,0.5766055583953857,-0.04406478628516197,0.44191738963127136,0.48145607113838196,-0.052861180156469345,0.49954700469970703,0.4386143386363983,-0.052962467074394226,0.4123367965221405,0.4916580021381378,-0.010513046756386757,0.3936409652233124,0.4380113184452057,-0.04873376712203026,0.4108677804470062,0.517345666885376,-0.06348905712366104,0.4240219295024872,0.531365692615509,-0.06960953027009964,0.4555974304676056,0.4718826413154602,-0.009159731678664684,0.4449063837528229,0.42017418146133423,-0.050213735550642014,0.45592033863067627,0.519645094871521,-0.04752025380730629,0.46213194727897644,0.523293137550354,-0.034182485193014145,0.49938681721687317,0.470634400844574,-0.017057787626981735,0.49447253346443176,0.4280318021774292,-0.05730680003762245,0.496435284614563,0.522866427898407,-0.03641887009143829,0.5011571645736694,0.5332964658737183,-0.010995627380907536,0.5459840297698975,0.47913631796836853,-0.029174957424402237,0.5371149778366089,0.43167707324028015,-0.05016646906733513,0.5320343375205994,0.49551981687545776,-0.03464042767882347,0.5350803136825562,0.5150303840637207,-0.0166641715914011,Rock
0.6106032133102417,0.7365300059318542,4.672245950132492e-07,0.5967512726783752,0.7322035431861877,-0.051497045904397964,0.5926544070243835,0.7386540770530701,-0.0843408927321434,0.5967943668365479,0.7385032176971436,-0.10990483313798904,0.6042685508728027,0.7416975498199463,-0.13525521755218506,0.6116989254951477,0.8325576782226562,-0.0681079626083374,0.6175494194030762,0.8857561945915222,-0.09580177068710327,0.6232961416244507,0.9206682443618774,-0.11544939130544662,0.6276334524154663,0.949934720993042,-0.12882563471794128,0.6321911811828613,0.8427886366844177,-0.0552465058863163,0.6384495496749878,0.8971878290176392,-0.0798422321677208,0.641165018081665,0.9324007034301758,-0.0952393040060997,0.6423951387405396,0.9630697965621948,-0.10602438449859619,0.6514210104942322,0.8427820801734924,-0.046034008264541626,0.6641061305999756,0.8900441527366638,-0.06525792181491852,0.6685364246368408,0.9204317331314087,-0.07573076337575912,0.6687914729118347,0.9478812217712402,-0.08270711451768875,0.6699095964431763,0.8358809351921082,-0.04115109518170357,0.6843318939208984,0.8717341423034668,-0.054331984370946884,0.6905268430709839,0.8953359723091125,-0.060923218727111816,0.6916744112968445,0.9145678281784058,-0.06581805646419525,Paper
0.37875130772590637,0.8519458770751953,5.847507509315619e-07,0.3089565336704254,0.7750732898712158,-0.04334169626235962,0.26977968215942383,0.6526029109954834,-0.0617232620716095,0.25342270731925964,0.5486088991165161,-0.07619632035493851,0.23029513657093048,0.4691757261753082,-0.09064008295536041,0.37898606061935425,0.521751880645752,-0.03313898295164108,0.38396671414375305,0.3902466297149658,-0.06119117885828018,0.38636696338653564,0.3038776218891144,-0.08607795089483261,0.39259257912635803,0.22810959815979004,-0.10563736408948898,0.43578219413757324,0.5289196968078613,-0.03541046380996704,0.4708622992038727,0.3952285349369049,-0.05876018479466438,0.4913492798805237,0.30523183941841125,-0.0826256200671196,0.5099430084228516,0.22761270403862,-0.10153113305568695,0.47802242636680603,0.5658883452415466,-0.043976906687021255,0.533577561378479,0.45728880167007446,-0.07221169024705887,0.5650607347488403,0.37932586669921875,-0.09513583779335022,0.5900635719299316,0.3076844811439514,-0.11224525421857834,0.5099236369132996,0.625728189945221,-0.0566023550927639,0.5696876049041748,0.5653091669082642,-0.08471938967704773,0.6077214479446411,0.5209766030311584,-0.09897833317518234,0.6407303810119629,0.47650572657585144,-0.1091034859418869,Paper
0.6265038847923279,0.7765540480613708,4.6411483367592155e-07,0.5871021151542664,0.6950311660766602,-0.03430040553212166,0.5779297947883606,0.5872692465782166,-0.047726329416036606,0.5805341005325317,0.5004064440727234,-0.05777352303266525,0.5729471445083618,0.43255817890167236,-0.06758904457092285,0.6841938495635986,0.5214551091194153,-0.023392627015709877,0.7151516675949097,0.4251854419708252,-0.04243715479969978,0.734705924987793,0.36461108922958374,-0.059643834829330444,0.7549945116043091,0.314189076423645,-0.07374222576618195,0.7265758514404297,0.5459499955177307,-0.02430575154721737,0.7774849534034729,0.45613715052604675,-0.04074244573712349,0.8106589317321777,0.39896678924560547,-0.057918649166822433,0.8404632210731506,0.3522056043148041,-0.0719013437628746,0.7537927031517029,0.5882607698440552,-0.03046940639615059,0.8165193200111389,0.5200189352035522,-0.052672386169433594,0.8558555245399475,0.47440528869628906,-0.071017786860466,0.8899041414260864,0.43157267570495605,-0.08464833348989487,0.7698896527290344,0.6447821259498596,-0.03965440019965172,0.8274245262145996,0.6130409836769104,-0.06296850740909576,0.8661051988601685,0.5912911295890808,-0.07564457505941391,0.9017404317855835,0.5675820708274841,-0.08472250401973724,Paper
0.42087650299072266,0.7298927307128906,2.2302180013866746e-07,0.39013248682022095,0.6853064298629761,-0.013612709008157253,0.37831756472587585,0.6196745038032532,-0.01578493043780327,0.3774069547653198,0.5687965154647827,-0.0172885674983263,0.3678407073020935,0.5337159037590027,-0.018707996234297752,0.434119313955307,0.5724948048591614,-0.000930361042264849,0.44419020414352417,0.5154845714569092,-0.007894831709563732,0.45037469267845154,0.4795244336128235,-0.016066627576947212,0.45664742588996887,0.4489317834377289,-0.02314372919499874,0.4591551721096039,0.5800246596336365,-0.002806933131068945,0.4802461862564087,0.5221127271652222,-0.007702524773776531,0.49289798736572266,0.48500674962997437,-0.015559978783130646,0.5036051273345947,0.45506179332733154,-0.022383157163858414,0.47756457328796387,0.5985892415046692,-0.007728443946689367,0.5049101114273071,0.5500544905662537,-0.016041690483689308,0.5206710696220398,0.5181834697723389,-0.02481643110513687,0.5333127975463867,0.49045422673225403,-0.03190578520298004,0.49094974994659424,0.6263859272003174,-0.014281505718827248,0.5186700224876404,0.6021028757095337,-0.023804543539881706,0.5367787480354309,0.5846261382102966,-0.029598109424114227,0.5528621077537537,0.567618727684021,-0.034156620502471924,Paper
0.3146848678588867,0.7365800142288208,2.7467564223115915e-07,0.2657310962677002,0.7093721032142639,-0.01980762928724289,0.22988535463809967,0.6514812707901001,-0.026809407398104668,0.20734187960624695,0.6006906628608704,-0.03276616334915161,0.18484120070934296,0.5657410621643066,-0.03838958591222763,0.2743363380432129,0.559192955493927,-0.006536900065839291,0.2601276636123657,0.49176210165023804,-0.018426187336444855,0.25346484780311584,0.44845229387283325,-0.030160119757056236,0.2493477761745453,0.41184133291244507,-0.03934301808476448,0.3053840398788452,0.5504058599472046,-0.007866981439292431,0.3054634630680084,0.4754493236541748,-0.01622391864657402,0.30568745732307434,0.42902225255966187,-0.026000527665019035,0.30605369806289673,0.39247509837150574,-0.03394906595349312,0.33272457122802734,0.5597960352897644,-0.01320407260209322,0.34347590804100037,0.4941973090171814,-0.023797910660505295,0.3478523790836334,0.4533481001853943,-0.03324051946401596,0.3490636348724365,0.41869598627090454,-0.04065539687871933,0.35775113105773926,0.5831274390220642,-0.020964782685041428,0.37757807970046997,0.5399198532104492,-0.03142332658171654,0.3884337544441223,0.5118887424468994,-0.037326764315366745,0.39612120389938354,0.48563846945762634,-0.041873957961797714,Paper
0.36531391739845276,0.5406287908554077,3.5403832043812145e-07,0.31477075815200806,0.5041839480400085,-0.020468832924962044,0.27797380089759827,0.43289121985435486,-0.0261682141572237,0.25658875703811646,0.3734451234340668,-0.030474498867988586,0.2336435467004776,0.3374956548213959,-0.0347372442483902,0.3299727737903595,0.34730276465415955,-0.008404496125876904,0.3247350752353668,0.2718641459941864,-0.0200866237282753,0.32142364978790283,0.2240580916404724,-0.03178325295448303,0.319831907749176,0.1831997185945511,-0.041329823434352875,0.363506555557251,0.34593427181243896,-0.01007923949509859,0.3719238042831421,0.2641181945800781,-0.0189454834908247,0.3762668967247009,0.21193164587020874,-0.029968028888106346,0.3804762065410614,0.16865834593772888,-0.03888930752873421,0.3921016454696655,0.3610462248325348,-0.015492865815758705,0.40929579734802246,0.29058289527893066,-0.02767159789800644,0.4172258675098419,0.24547065794467926,-0.038386374711990356,0.42280271649360657,0.20548592507839203,-0.0466863177716732,0.4176323413848877,0.38935574889183044,-0.023126233369112015,0.440348356962204,0.347166508436203,-0.035885781049728394,0.45442408323287964,0.31938961148262024,-0.042052872478961945,0.4665374457836151,0.29234471917152405,-0.04658881202340126,Paper
0.6302309036254883,0.5361904501914978,3.4471619869691494e-07,0.5935051441192627,0.4875955581665039,-0.023458264768123627,0.5807932615280151,0.41815727949142456,-0.03315778076648712,0.5813872814178467,0.3596816658973694,-0.03990885987877846,0.5771587491035461,0.31506434082984924,-0.04617483168840408,0.6446855068206787,0.3735114336013794,-0.018823957070708275,0.6620683073997498,0.3078235387802124,-0.032659970223903656,0.6744722127914429,0.2660081386566162,-0.04473288357257843,0.6847882270812988,0.23173275589942932,-0.05385059863328934,0.674850583076477,0.38661491870880127,-0.01872985251247883,0.7037933468818665,0.3194579780101776,-0.02903275191783905,0.7229949235916138,0.277697890996933,-0.040096465498209,0.7390739321708679,0.2446988970041275,-0.048601869493722916,0.6958532333374023,0.4130377769470215,-0.02167307212948799,0.7291351556777954,0.35808882117271423,-0.034776460379362106,0.749034583568573,0.3245997428894043,-0.04467320814728737,0.7658987045288086,0.29592257738113403,-0.05175401270389557,0.7103234529495239,0.45046231150627136,-0.02664458006620407,0.7393896579742432,0.4200180172920227,-0.04033031687140465,0.7573198080062866,0.40217894315719604,-0.045765314251184464,0.7736687660217285,0.3860303461551666,-0.04903259500861168,Paper
0.6435393691062927,0.6627140641212463,2.4811231469357153e-07,0.6266536712646484,0.5967800617218018,-0.018175723031163216,0.6280921101570129,0.524183988571167,-0.025634534657001495,0.6360597610473633,0.4669829308986664,-0.03195161744952202,0.6360164284706116,0.4208720922470093,-0.03800319507718086,0.6948080062866211,0.49558213353157043,-0.011034089140594006,0.7223111391067505,0.43136224150657654,-0.02442946657538414,0.7386966943740845,0.39220181107521057,-0.03596768528223038,0.7540982365608215,0.35947954654693604,-0.044605858623981476,0.7197043895721436,0.5163120627403259,-0.013323294930160046,0.758945882320404,0.4577803313732147,-0.023839468136429787,0.7830580472946167,0.4231566786766052,-0.034475602209568024,0.8045322299003601,0.3955109715461731,-0.04266367107629776,0.7351648807525635,0.5465108752250671,-0.01867120899260044,0.7783603072166443,0.5056725144386292,-0.03144092857837677,0.8051310181617737,0.4792902171611786,-0.04024294391274452,0.8270602226257324,0.4567577838897705,-0.04658157378435135,0.7435643076896667,0.5847886800765991,-0.025909826159477234,0.7791861891746521,0.5665621161460876,-0.03776091709733009,0.8025710582733154,0.552819550037384,-0.042179301381111145,0.8235270977020264,0.5388485193252563,-0.045113805681467056,Paper
0.525230348110199,0.8088619112968445,3.460147866007901e-07,0.48588424921035767,0.766701340675354,-0.026569927111268044,0.46140867471694946,0.6977016925811768,-0.03616096079349518,0.44774526357650757,0.6361207962036133,-0.043263599276542664,0.4276379942893982,0.5959331393241882,-0.04949019104242325,0.5185998678207397,0.6153377294540405,-0.009799478575587273,0.5203853845596313,0.5410715937614441,-0.022703254595398903,0.5216308832168579,0.49498051404953003,-0.03615076467394829,0.5249878168106079,0.45460182428359985,-0.04663458466529846,0.5491755604743958,0.6175193786621094,-0.008016125299036503,0.5645928382873535,0.5403910875320435,-0.016085850074887276,0.5741626620292664,0.49104833602905273,-0.026441851630806923,0.5827839970588684,0.45094138383865356,-0.03504352271556854,0.5734424591064453,0.6361457705497742,-0.0108146071434021,0.5966312885284424,0.5710793137550354,-0.019870366901159286,0.6102041006088257,0.5292131900787354,-0.027835486456751823,0.6207422614097595,0.49288636445999146,-0.03466985002160072,0.593093752861023,0.6669214367866516,-0.016891328617930412,0.6169335842132568,0.6278665065765381,-0.024928191676735878,0.6311571598052979,0.6016631126403809,-0.028331728652119637,0.6445579528808594,0.5768608450889587,-0.03145359456539154,Paper
0.4314769208431244,0.6087415218353271,1.6319161488809186e-07,0.4086938202381134,0.5764836072921753,-0.008504875935614109,0.3972490727901459,0.531966507434845,-0.010254898108541965,0.39325904846191406,0.49650710821151733,-0.011980456300079823,0.3864589035511017,0.4723075032234192,-0.013709909282624722,0.43764737248420715,0.49564510583877563,-0.000259127642493695,0.4417757987976074,0.4530261754989624,-0.005656905006617308,0.4448144733905792,0.42689645290374756,-0.011741328984498978,0.4484550952911377,0.4048413634300232,-0.016756482422351837,0.4561406373977661,0.5006161332130432,-0.0025045969523489475,0.469882607460022,0.45726171135902405,-0.0063764373771846294,0.47803381085395813,0.4292029142379761,-0.012421516701579094,0.4849812984466553,0.4070362448692322,-0.017363717779517174,0.47013869881629944,0.5137285590171814,-0.006750377826392651,0.48858028650283813,0.47841116786003113,-0.012512944638729095,0.4991113543510437,0.45563700795173645,-0.018593262881040573,0.5073577165603638,0.4364851117134094,-0.023320740088820457,0.48023849725723267,0.5335497856140137,-0.012069795280694962,0.4995194971561432,0.5153742432594299,-0.018136033788323402,0.5115143060684204,0.5015520453453064,-0.021530484780669212,0.5222073793411255,0.4888263940811157,-0.024106785655021667,Paper
0.5351756811141968,0.35495999455451965,1.855393918503978e-07,0.5105866193771362,0.3191855549812317,-0.013007457368075848,0.4982384145259857,0.2675459384918213,-0.01810378022491932,0.4947819709777832,0.22794590890407562,-0.0221280287951231,0.48988470435142517,0.19830945134162903,-0.02613002248108387,0.5419448018074036,0.2241293042898178,-0.008009849116206169,0.5475934147834778,0.1766420304775238,-0.017989663407206535,0.551179051399231,0.14622829854488373,-0.027462730184197426,0.5554580092430115,0.12142550945281982,-0.03434019908308983,0.5639718770980835,0.22817103564739227,-0.009604601189494133,0.5790138244628906,0.17807608842849731,-0.016993245109915733,0.5875970721244812,0.14599323272705078,-0.025154273957014084,0.5953181385993958,0.12037801742553711,-0.03150760754942894,0.5803256630897522,0.2421039640903473,-0.01342309731990099,0.6012916564941406,0.2009606808423996,-0.02186301164329052,0.6123765707015991,0.17294014990329742,-0.028640417382121086,0.621295690536499,0.14934341609477997,-0.03386705741286278,0.5917336940765381,0.2653360366821289,-0.01860176958143711,0.6129904985427856,0.24032965302467346,-0.026279207319021225,0.6257815361022949,0.2219671756029129,-0.02939894050359726,0.6365639567375183,0.20486921072006226,-0.031696755439043045,Paper
0.31988608837127686,0.476452499628067,2.530269114231487e-07,0.27250370383262634,0.45613738894462585,-0.015855684876441956,0.23506635427474976,0.40609705448150635,-0.02120404876768589,0.21100744605064392,0.3605858385562897,-0.026214737445116043,0.18710888922214508,0.3328058123588562,-0.031294964253902435,0.26501619815826416,0.3265482783317566,-0.005500315688550472,0.2462778091430664,0.26573705673217773,-0.017530787736177444,0.23423591256141663,0.22674903273582458,-0.029050428420305252,0.22551791369915009,0.1922883540391922,-0.03815941512584686,0.29041558504104614,0.31504184007644653,-0.00880379881709814,0.2812861204147339,0.24463453888893127,-0.018848920240998268,0.27408090233802795,0.19863773882389069,-0.030346589162945747,0.2689187526702881,0.1604408323764801,-0.03921528160572052,0.31544139981269836,0.3186565339565277,-0.015278315171599388,0.3161329925060272,0.2530694603919983,-0.027559388428926468,0.3150273859500885,0.21115611493587494,-0.037611864507198334,0.3134639263153076,0.17503786087036133,-0.0450533963739872,0.3404242694377899,0.33490678668022156,-0.02354414202272892,0.3523409366607666,0.29071396589279175,-0.035597722977399826,0.3591800928115845,0.2604289948940277,-0.04151273891329765,0.36499449610710144,0.23234353959560394,-0.04575866833329201,Paper
0.5820569396018982,0.6609914302825928,3.557260583875177e-07,0.570253312587738,0.6207738518714905,-0.018780849874019623,0.580734133720398,0.5727880001068115,-0.02597200684249401,0.615384578704834,0.5505052208900452,-0.03245089575648308,0.6433115005493164,0.5468420386314392,-0.03794888034462929,0.5915204286575317,0.513678789138794,-0.01384036149829626,0.6000930070877075,0.4533150792121887,-0.025080734863877296,0.6050406098365784,0.4184072017669678,-0.03297199308872223,0.6096738576889038,0.3876420855522156,-0.03819149732589722,0.6169569492340088,0.5224176049232483,-0.013269616290926933,0.6424996256828308,0.4636595547199249,-0.022734452039003372,0.6573694944381714,0.43214207887649536,-0.030251596122980118,0.6710138320922852,0.4036504030227661,-0.034786880016326904,0.6321483850479126,0.5429660081863403,-0.015221421606838703,0.6506631374359131,0.5123923420906067,-0.03133502975106239,0.63798987865448,0.537860631942749,-0.03591743856668472,0.6288534998893738,0.5587863326072693,-0.03390714153647423,0.6400600075721741,0.5696075558662415,-0.01878412812948227,0.6527844071388245,0.5440419912338257,-0.02911200560629368,0.6435645818710327,0.5548725724220276,-0.02830340899527073,0.6346904039382935,0.5698251128196716,-0.025120863690972328,Scissors
0.6149507164955139,0.5196654200553894,4.307094911837339e-07,0.6028513312339783,0.4807129502296448,-0.018122533336281776,0.6124250292778015,0.43155714869499207,-0.02400336042046547,0.6436750292778015,0.4030681252479553,-0.029158448800444603,0.670136570930481,0.3920212984085083,-0.03297330066561699,0.6142868995666504,0.37556785345077515,-0.008163047954440117,0.6188793182373047,0.31670764088630676,-0.01603882946074009,0.6235907673835754,0.2825015187263489,-0.021486200392246246,0.6282358765602112,0.2544485330581665,-0.024830173701047897,0.6394389867782593,0.38176122307777405,-0.006323069799691439,0.6614470481872559,0.3256132900714874,-0.014558889903128147,0.6753703951835632,0.2924129068851471,-0.022225845605134964,0.687215268611908,0.2637885808944702,-0.026161646470427513,0.6561581492424011,0.4004198908805847,-0.006871874909847975,0.67090904712677,0.3678085505962372,-0.02169664390385151,0.6635910868644714,0.38713645935058594,-0.027747543528676033,0.657812237739563,0.4055022597312927,-0.02654632180929184,0.6668145656585693,0.423576295375824,-0.008786928839981556,0.6798133254051208,0.39498111605644226,-0.01880183070898056,0.6750533580780029,0.4007265269756317,-0.019427210092544556,0.6707029342651367,0.41190606355667114,-0.016772009432315826,Scissors
0.7174444794654846,0.7783218622207642,3.4631517564776004e-07,0.7269265055656433,0.738074004650116,-0.025256741791963577,0.7562304735183716,0.7097436785697937,-0.029993953183293343,0.7935651540756226,0.710503101348877,-0.03215514495968819,0.820220947265625,0.7136956453323364,-0.03241461142897606,0.7705787420272827,0.6619000434875488,-0.004172131419181824,0.7944343686103821,0.6181120872497559,-0.009810036048293114,0.8106476068496704,0.5929511189460754,-0.015393583104014397,0.824897289276123,0.5723767280578613,-0.019499219954013824,0.7892336845397949,0.6825600862503052,0.0026422811206430197,0.825782060623169,0.6486771106719971,-0.0025826385244727135,0.8502486944198608,0.633406400680542,-0.01024228148162365,0.871220588684082,0.6202104091644287,-0.015018236823379993,0.796100378036499,0.7081277966499329,0.005519411526620388,0.8260847926139832,0.6928103566169739,-0.009895720519125462,0.8132141828536987,0.7091357707977295,-0.018636245280504227,0.7997592687606812,0.7214353084564209,-0.01945083774626255,0.796696662902832,0.735210657119751,0.0065099941566586494,0.8207636475563049,0.7221378684043884,-0.006830110214650631,0.8145551681518555,0.7288880944252014,-0.011215089820325375,0.8045543432235718,0.7350764870643616,-0.011378791183233261,Scissors
0.38404712080955505,0.6359249949455261,3.851052667869226e-07,0.35621607303619385,0.6086568832397461,-0.014018996618688107,0.34588423371315,0.5562015175819397,-0.02143969014286995,0.36735793948173523,0.5201140642166138,-0.03110663965344429,0.39404061436653137,0.5048984885215759,-0.04077981412410736,0.3459363877773285,0.4799189567565918,-0.008637976832687855,0.3318137228488922,0.41967517137527466,-0.021343005821108818,0.32358312606811523,0.3819601833820343,-0.03015088476240635,0.3163367807865143,0.34931111335754395,-0.03699083626270294,0.3734297454357147,0.47526729106903076,-0.014434970915317535,0.3827263116836548,0.40296828746795654,-0.028965448960661888,0.38556936383247375,0.36016443371772766,-0.03981628641486168,0.38839417695999146,0.32272869348526,-0.046270065009593964,0.39557111263275146,0.49093320965766907,-0.0224393829703331,0.40023693442344666,0.4435862898826599,-0.04374195635318756,0.3895164132118225,0.4844115972518921,-0.0468769334256649,0.38526594638824463,0.5144984722137451,-0.043355200439691544,0.4137706160545349,0.5187254548072815,-0.03178216144442558,0.4120967388153076,0.49116092920303345,-0.04768012464046478,0.40021833777427673,0.5188148021697998,-0.0467643178999424,0.395009309053421,0.5417864322662354,-0.042925044894218445,Scissors
0.3089868426322937,0.5408076047897339,4.770205919157888e-07,0.2681214511394501,0.5218937397003174,-0.013072162866592407,0.23868922889232635,0.4667952060699463,-0.021402698010206223,0.24329744279384613,0.41606375575065613,-0.03320222347974777,0.2701585292816162,0.38609859347343445,-0.044669609516859055,0.24122415482997894,0.3844207227230072,-0.007644428871572018,0.21180693805217743,0.3204004466533661,-0.021467704325914383,0.1954423189163208,0.280606746673584,-0.02994382195174694,0.1827683448791504,0.2456502914428711,-0.03624372556805611,0.2683452069759369,0.3753281831741333,-0.01595921628177166,0.26568272709846497,0.28606081008911133,-0.03380121663212776,0.2610865831375122,0.23507189750671387,-0.04589207097887993,0.2586606740951538,0.19343841075897217,-0.05217019468545914,0.2933553159236908,0.3861965835094452,-0.026578929275274277,0.2815934419631958,0.3313833475112915,-0.05389195308089256,0.2712193429470062,0.37875571846961975,-0.05880310386419296,0.2691807150840759,0.41584038734436035,-0.054103605449199677,0.31522130966186523,0.40894463658332825,-0.03811091557145119,0.2982047200202942,0.3673909604549408,-0.057748276740312576,0.2864201068878174,0.40082186460494995,-0.05665997788310051,0.2834065854549408,0.4329913258552551,-0.051545627415180206,Scissors
0.24393455684185028,0.47515714168548584,5.013828854316671e-07,0.1923012137413025,0.45106378197669983,-0.009514279663562775,0.1611444652080536,0.4010726511478424,-0.02087939716875553,0.14259985089302063,0.34478339552879333,-0.038174137473106384,0.1651695966720581,0.308295339345932,-0.05435151606798172,0.15832865238189697,0.3205832839012146,-0.0077438619919121265,0.11676023155450821,0.2475353479385376,-0.028413457795977592,0.09510060399770737,0.20616109669208527,-0.042996738106012344,0.08005548268556595,0.1680307537317276,-0.05406402796506882,0.18640874326229095,0.3045703172683716,-0.01902603730559349,0.170744389295578,0.20493680238723755,-0.04265085980296135,0.16125760972499847,0.14621573686599731,-0.0590851791203022,0.15644264221191406,0.09766024351119995,-0.06997115164995193,0.2135225087404251,0.310240238904953,-0.032248012721538544,0.19113145768642426,0.23626187443733215,-0.055695582181215286,0.18274828791618347,0.29084134101867676,-0.051163461059331894,0.18274711072444916,0.3361625671386719,-0.041911765933036804,0.23857831954956055,0.3302598297595978,-0.04745132476091385,0.21439683437347412,0.27690961956977844,-0.06158719211816788,0.20053957402706146,0.31163233518600464,-0.05530894547700882,0.1973070353269577,0.3506934642791748,-0.04749087616801262,Scissors
0.602570116519928,0.6280211806297302,-9.311383664112327e-09,0.5840746760368347,0.5836674571037292,-0.024157211184501648,0.5766393542289734,0.5153506994247437,-0.03846263512969017,0.568874716758728,0.459320604801178,-0.05176173523068428,0.5530129671096802,0.4201497435569763,-0.06428559124469757,0.6319524049758911,0.47615310549736023,-0.02724357321858406,0.6650705337524414,0.41685807704925537,-0.046524643898010254,0.6844907999038696,0.3838562071323395,-0.056830279529094696,0.7031286954879761,0.35381463170051575,-0.06441481411457062,0.6536890268325806,0.5021422505378723,-0.02736028842628002,0.6904889941215515,0.4964447617530823,-0.06466684490442276,0.6680199503898621,0.5403435826301575,-0.07198034226894379,0.6457211375236511,0.5653319358825684,-0.0680895447731018,0.6697980165481567,0.5328689217567444,-0.029738493263721466,0.6981902718544006,0.5382276177406311,-0.06425712257623672,0.6712193489074707,0.5726686120033264,-0.05851024389266968,0.6486563682556152,0.5866921544075012,-0.04552400857210159,0.6805286407470703,0.5654079914093018,-0.03381401300430298,0.7061339020729065,0.5632097125053406,-0.05446533113718033,0.6846966743469238,0.5848845839500427,-0.048587165772914886,0.6646212935447693,0.5937142968177795,-0.03909672424197197,Scissors
0.5228028297424316,0.7916520833969116,-8.114633942568616e-08,0.5073524713516235,0.748028039932251,-0.025452008470892906,0.5042669177055359,0.6862087249755859,-0.03829680010676384,0.5015627145767212,0.6365038156509399,-0.04961308836936951,0.49284154176712036,0.5986856818199158,-0.05974460020661354,0.5556764602661133,0.6601163148880005,-0.0229694414883852,0.5874242186546326,0.6135121583938599,-0.03941674903035164,0.6061635613441467,0.5894091129302979,-0.04746253788471222,0.6237784624099731,0.567538857460022,-0.05266193300485611,0.5734652876853943,0.6818958520889282,-0.019686896353960037,0.6045570969581604,0.683864951133728,-0.053082067519426346,0.5832574367523193,0.7246360182762146,-0.059212274849414825,0.5625724792480469,0.7492398023605347,-0.05434035137295723,0.5857406854629517,0.7069449424743652,-0.019117658957839012,0.6082539558410645,0.7198543548583984,-0.05048176646232605,0.5844485759735107,0.7504284381866455,-0.04787890613079071,0.5643612742424011,0.7645444869995117,-0.03684645891189575,0.593571662902832,0.7337652444839478,-0.020346159115433693,0.6131995320320129,0.7428310513496399,-0.03955855965614319,0.5942988991737366,0.7622901201248169,-0.0374881774187088,0.5763885974884033,0.7698728442192078,-0.030562302097678185,Scissors
0.37231311202049255,0.8281353712081909,-1.2361054757548118e-07,0.3413323163986206,0.7940335273742676,-0.023403603583574295,0.31581929326057434,0.7286736369132996,-0.03658533841371536,0.2951461672782898,0.6782072186470032,-0.04822750762104988,0.2707202732563019,0.6474012136459351,-0.05894402414560318,0.3724230229854584,0.6604060530662537,-0.02550114132463932,0.3908553123474121,0.6056862473487854,-0.04485081136226654,0.4040779173374176,0.5697194337844849,-0.055903103202581406,0.41835981607437134,0.5384891629219055,-0.06393826752901077,0.4011472165584564,0.6629432439804077,-0.024722112342715263,0.4256104826927185,0.6783445477485657,-0.06191980838775635,0.40730586647987366,0.7341021299362183,-0.06960777193307877,0.3899838924407959,0.77375727891922,-0.06489560008049011,0.4238232672214508,0.6826363205909729,-0.026304854080080986,0.43638527393341064,0.7198888659477234,-0.057592179626226425,0.4146454334259033,0.7606264352798462,-0.05438960716128349,0.3980310559272766,0.7827669978141785,-0.04354368895292282,0.44115397334098816,0.7112747430801392,-0.030197804793715477,0.4478030204772949,0.7460941076278687,-0.04915687069296837,0.42583420872688293,0.7757284045219421,-0.04805814102292061,0.4093528389930725,0.7862091660499573,-0.041796356439590454,Scissors
0.6076316237449646,0.4695611298084259,-5.079555442932815e-09,0.5920228362083435,0.41648393869400024,-0.018817516043782234,0.5832227468490601,0.36028751730918884,-0.028460241854190826,0.5754528641700745,0.30752599239349365,-0.03720201551914215,0.5639511346817017,0.2721250355243683,-0.04448076710104942,0.6226456761360168,0.33061718940734863,-0.015403429046273232,0.6471624374389648,0.27685654163360596,-0.031141063198447227,0.6628830432891846,0.25121256709098816,-0.04131847620010376,0.6790872812271118,0.22853079438209534,-0.048517804592847824,0.6420840620994568,0.35063424706459045,-0.013514428399503231,0.670207142829895,0.3411211669445038,-0.04157964512705803,0.6529077887535095,0.37880775332450867,-0.047273557633161545,0.6375628113746643,0.4013466536998749,-0.04495660215616226,0.6575181484222412,0.37500321865081787,-0.013975330628454685,0.6789537072181702,0.372539222240448,-0.039660368114709854,0.6578377485275269,0.4021037817001343,-0.03498981148004532,0.6399377584457397,0.4161945879459381,-0.025168724358081818,0.6660428643226624,0.40001964569091797,-0.016023995354771614,0.6880724430084229,0.3969394266605377,-0.0312374047935009,0.6700699329376221,0.4116951525211334,-0.026949500665068626,0.6528716087341309,0.4196552336215973,-0.019918853417038918,Scissors
0.4666144549846649,0.4098825454711914,1.0639385550348379e-07,0.43087315559387207,0.3664511740207672,-0.022137420251965523,0.4055095613002777,0.2986677587032318,-0.03416169062256813,0.386604368686676,0.24688048660755157,-0.0453416109085083,0.3655529022216797,0.2139190435409546,-0.05523938685655594,0.4474968910217285,0.24962520599365234,-0.022629033774137497,0.46544191241264343,0.17811815440654755,-0.04240958392620087,0.4790968596935272,0.13656660914421082,-0.05349667742848396,0.49258744716644287,0.10206592082977295,-0.060840997844934464,0.47466039657592773,0.26608631014823914,-0.023544618859887123,0.5032021999359131,0.2385587841272354,-0.05967993289232254,0.4956115782260895,0.28709232807159424,-0.06669013202190399,0.4826681613922119,0.3247070014476776,-0.06213968247175217,0.4984475076198578,0.28837355971336365,-0.026892490684986115,0.5197015404701233,0.27875417470932007,-0.05816330760717392,0.5060396194458008,0.320197731256485,-0.05167069658637047,0.4884416460990906,0.34623315930366516,-0.03842991963028908,0.5167570114135742,0.31506890058517456,-0.0321606881916523,0.5348464846611023,0.3015713691711426,-0.04905038699507713,0.5212727189064026,0.32844600081443787,-0.04162689298391342,0.5046234726905823,0.34739118814468384,-0.0311694648116827,Scissors
0.5452309250831604,0.6492371559143066,1.5894233484914366e-08,0.5328652858734131,0.6018946170806885,-0.018942052498459816,0.5310689210891724,0.5457123517990112,-0.027676453813910484,0.531499445438385,0.4946373999118805,-0.035839930176734924,0.5252246260643005,0.45936673879623413,-0.04278695583343506,0.5679822564125061,0.5199258923530579,-0.011864855885505676,0.5965856313705444,0.47359538078308105,-0.025974785909056664,0.6151073575019836,0.4511032998561859,-0.03465912118554115,0.6323398947715759,0.43140625953674316,-0.04048934578895569,0.5851414799690247,0.5428266525268555,-0.010434478521347046,0.6150400042533875,0.5369626879692078,-0.03830556198954582,0.5969364047050476,0.5693227052688599,-0.04536699131131172,0.5777204632759094,0.5894722938537598,-0.043019168078899384,0.5983662605285645,0.567692220211029,-0.011343855410814285,0.621116042137146,0.5669102668762207,-0.03712668642401695,0.5994013547897339,0.5925170183181763,-0.034241072833538055,0.5799916982650757,0.6057963371276855,-0.02473476156592369,0.6065604090690613,0.5928502082824707,-0.013644702732563019,0.625368595123291,0.5906848311424255,-0.028534727171063423,0.6093241572380066,0.6061732769012451,-0.02452465333044529,0.5945659279823303,0.6152324080467224,-0.017065415158867836,Scissors
0.4048228859901428,0.793899416923523,-3.563535599937495e-08,0.38305240869522095,0.749597430229187,-0.01933112181723118,0.37583184242248535,0.6814818978309631,-0.028276344761252403,0.372108519077301,0.6304873824119568,-0.03669610992074013,0.3597957491874695,0.5954502820968628,-0.044521838426589966,0.4228156805038452,0.6506109237670898,-0.017111556604504585,0.449943870306015,0.5972899794578552,-0.032130125910043716,0.46826621890068054,0.5678569674491882,-0.04013126716017723,0.48525869846343994,0.5427629947662354,-0.0457286462187767,0.44304800033569336,0.6710320711135864,-0.016942773014307022,0.46796077489852905,0.6617715954780579,-0.047890301793813705,0.4529415965080261,0.7038388848304749,-0.05402334779500961,0.4361293613910675,0.7355164885520935,-0.0499618761241436,0.4587249159812927,0.6961620450019836,-0.01901664026081562,0.4761374592781067,0.6966294050216675,-0.04818159341812134,0.45605146884918213,0.7321320176124573,-0.0441347174346447,0.4380269944667816,0.7543849945068359,-0.032909903675317764,0.4703744053840637,0.7248891592025757,-0.022471792995929718,0.48650288581848145,0.7190935611724854,-0.040774524211883545,0.46929341554641724,0.7418915629386902,-0.036975037306547165,0.452516108751297,0.7565625905990601,-0.029060734435915947,Scissors
0.3633858859539032,0.6023659706115723,-1.8698115056281495e-08,0.3219755291938782,0.5736621022224426,-0.021367842331528664,0.28552770614624023,0.5119732618331909,-0.03283713012933731,0.2580970525741577,0.46067941188812256,-0.04365408420562744,0.2294301986694336,0.4325019121170044,-0.0534365251660347,0.3243785798549652,0.4457475543022156,-0.021700270473957062,0.33033522963523865,0.3718896508216858,-0.04015372693538666,0.3353060483932495,0.3289630711078644,-0.049748633056879044,0.34113988280296326,0.29012182354927063,-0.05676399543881416,0.35365208983421326,0.4542466700077057,-0.02265690080821514,0.37440037727355957,0.43197670578956604,-0.060474298894405365,0.37141114473342896,0.49073439836502075,-0.06709165871143341,0.3651072680950165,0.530177116394043,-0.061713676899671555,0.3804384768009186,0.47158464789390564,-0.025833241641521454,0.39695727825164795,0.4665696620941162,-0.060228072106838226,0.3854579031467438,0.5184565186500549,-0.0532316155731678,0.3725211024284363,0.5460044145584106,-0.03881589695811272,0.4032942056655884,0.4948384761810303,-0.0305238775908947,0.4172908067703247,0.4854833483695984,-0.05032831430435181,0.4046342968940735,0.5206987857818604,-0.04339655116200447,0.39100104570388794,0.5397977232933044,-0.03264536336064339,Scissors
0.37990111112594604,0.47766590118408203,-7.58493641228597e-08,0.33894506096839905,0.44866588711738586,-0.01995241455733776,0.30537524819374084,0.3928563892841339,-0.029417311772704124,0.27989083528518677,0.3436906635761261,-0.03870702534914017,0.25662142038345337,0.31179729104042053,-0.04724005609750748,0.34125280380249023,0.3299170434474945,-0.013959210366010666,0.3440028727054596,0.2599885165691376,-0.030138665810227394,0.3480946719646454,0.22072122991085052,-0.039845895022153854,0.3526787757873535,0.1845584660768509,-0.04702667146921158,0.3687225878238678,0.33825814723968506,-0.014516768045723438,0.3828579783439636,0.30917564034461975,-0.04773005098104477,0.3818987011909485,0.3609752357006073,-0.05499643087387085,0.37846270203590393,0.3974052369594574,-0.05147217959165573,0.39366427063941956,0.35349488258361816,-0.01765201985836029,0.40445202589035034,0.33603280782699585,-0.0487910620868206,0.3968018591403961,0.3851453363895416,-0.04304272308945656,0.3885767161846161,0.4124734699726105,-0.030347082763910294,0.41519126296043396,0.3731129765510559,-0.0223284550011158,0.42372873425483704,0.3547030985355377,-0.04042157903313637,0.41351911425590515,0.38843125104904175,-0.03415633365511894,0.40479522943496704,0.40843793749809265,-0.024604884907603264,Scissors
0.6591691374778748,0.7272940874099731,-4.4820041011917056e-08,0.6536933779716492,0.6746156811714172,-0.02114034630358219,0.6730787754058838,0.6077519655227661,-0.031172949820756912,0.6912817358970642,0.5581462383270264,-0.04031135514378548,0.6954771876335144,0.5179653763771057,-0.04915805160999298,0.7348624467849731,0.6158470511436462,-0.022657467052340508,0.7856040596961975,0.593030571937561,-0.04043823480606079,0.8163209557533264,0.5822001099586487,-0.050332844257354736,0.8440539240837097,0.57371985912323,-0.05733736976981163,0.7441759705543518,0.6512898802757263,-0.022358132526278496,0.7743698358535767,0.6675445437431335,-0.058284860104322433,0.7388487458229065,0.6901326179504395,-0.06573823094367981,0.708204448223114,0.6986753344535828,-0.06164562329649925,0.7469559907913208,0.6863875389099121,-0.024025054648518562,0.7670756578445435,0.7052919864654541,-0.057670507580041885,0.7307214736938477,0.7191151976585388,-0.053071942180395126,0.7032496929168701,0.7184549570083618,-0.040608469396829605,0.7440991997718811,0.7190943956375122,-0.027006782591342926,0.761721134185791,0.731732189655304,-0.049245335161685944,0.7334559559822083,0.7384485006332397,-0.045302439481019974,0.7105258703231812,0.7342664003372192,-0.036482129245996475,Scissors
0.4420791566371918,0.6927199363708496,-3.6485792520579707e-07,0.4144878387451172,0.669923722743988,-0.01704554446041584,0.40249791741371155,0.602641224861145,-0.019109519198536873,0.422119677066803,0.5477819442749023,-0.021453408524394035,0.44924837350845337,0.5280201435089111,-0.018830418586730957,0.4091377556324005,0.5762910842895508,0.006349564529955387,0.41196775436401367,0.5277228355407715,-0.018877357244491577,0.4150620698928833,0.5663416981697083,-0.027951397001743317,0.41866201162338257,0.5817726850509644,-0.028264343738555908,0.43207475543022156,0.5821641683578491,0.008095529861748219,0.4396853744983673,0.5413564443588257,-0.01834218204021454,0.43469879031181335,0.5943154096603394,-0.019202422350645065,0.4315667152404785,0.5976754426956177,-0.010849745012819767,0.45333999395370483,0.5903770327568054,0.003567398525774479,0.46034160256385803,0.5607537031173706,-0.02393094077706337,0.4511805474758148,0.61117023229599,-0.01648097299039364,0.4479299485683441,0.6142164468765259,-0.0022859619930386543,0.4749714136123657,0.5975701808929443,-0.0027275774627923965,0.477923184633255,0.5735664367675781,-0.01628228835761547,0.4708242416381836,0.6076921820640564,-0.010003992356359959,0.46975669264793396,0.6176680326461792,-0.0004572086036205292,Rock
0.5832095146179199,0.49795395135879517,-2.5752271426426887e-07,0.5576916933059692,0.4521549642086029,-0.017057981342077255,0.556918203830719,0.38384923338890076,-0.020057151094079018,0.5849239826202393,0.33791786432266235,-0.02436995506286621,0.6116067171096802,0.3171297311782837,-0.024081429466605186,0.554057776927948,0.36013373732566833,0.015217293985188007,0.5620605945587158,0.31301987171173096,-0.00953616015613079,0.5636177659034729,0.3492657542228699,-0.020853238180279732,0.5656518936157227,0.3673646152019501,-0.022140538319945335,0.5776891708374023,0.3694656491279602,0.015498677268624306,0.5898463129997253,0.32715165615081787,-0.01004846952855587,0.5814541578292847,0.371591717004776,-0.015605921857059002,0.5780194997787476,0.3790968954563141,-0.009933180175721645,0.6003856062889099,0.3832394480705261,0.009135517291724682,0.6117764711380005,0.35448867082595825,-0.01840248703956604,0.5985477566719055,0.401636004447937,-0.015438597649335861,0.5936145186424255,0.410025417804718,-0.0031317200046032667,0.6214224100112915,0.3986812233924866,0.0009988904930651188,0.6286377310752869,0.3720536530017853,-0.011520668864250183,0.6177408695220947,0.40436094999313354,-0.005087040364742279,0.6139768958091736,0.41703322529792786,0.0053544603288173676,Rock
0.6525814533233643,0.6662586331367493,-3.8155869219735905e-07,0.6528669595718384,0.5988383889198303,-0.004649587906897068,0.6634768843650818,0.5555621385574341,-0.013272830285131931,0.6720049381256104,0.5230943560600281,-0.023409634828567505,0.6815922260284424,0.5115776062011719,-0.03008406050503254,0.740348756313324,0.5763928294181824,-0.005076991394162178,0.7105662226676941,0.5131315588951111,-0.022106381133198738,0.6914921998977661,0.5357824563980103,-0.030317917466163635,0.6941297650337219,0.5549861192703247,-0.034677620977163315,0.7377228140830994,0.5860834717750549,-0.01146197784692049,0.6891298890113831,0.5232681632041931,-0.02972070500254631,0.6730808019638062,0.5519060492515564,-0.03180491924285889,0.6805742979049683,0.5714964270591736,-0.03131193295121193,0.7259491086006165,0.5925890207290649,-0.01993086189031601,0.6749143004417419,0.538567841053009,-0.03427939862012863,0.6609389781951904,0.5678943395614624,-0.027719352394342422,0.668799877166748,0.5873088240623474,-0.02207116223871708,0.7085791826248169,0.5968281030654907,-0.029890216886997223,0.6660888195037842,0.5593311190605164,-0.040076885372400284,0.6555867195129395,0.5816940665245056,-0.03822724148631096,0.6629955172538757,0.599437952041626,-0.03491595387458801,Rock
0.5636511445045471,0.6317568421363831,-1.8156418946091435e-07,0.5338694453239441,0.6705605387687683,0.0014949850738048553,0.5241343975067139,0.728169858455658,-0.006133106537163258,0.5344787240028381,0.779075026512146,-0.014365368522703648,0.5495675206184387,0.8164315223693848,-0.024392981082201004,0.5079154372215271,0.7433278560638428,-0.03163749724626541,0.5153354406356812,0.8195613026618958,-0.0534246563911438,0.5383762717247009,0.8584858775138855,-0.06498067826032639,0.5612373352050781,0.8804692029953003,-0.07066170871257782,0.5184279680252075,0.7365666031837463,-0.04113155975937843,0.5349216461181641,0.8174821138381958,-0.06189494580030441,0.5608105063438416,0.8584352731704712,-0.06995484232902527,0.583880603313446,0.8830927610397339,-0.0750543475151062,0.5376947522163391,0.7244391441345215,-0.049316029995679855,0.5600220561027527,0.79261714220047,-0.06709453463554382,0.5845409631729126,0.8310544490814209,-0.07037056237459183,0.6036241054534912,0.8565453886985779,-0.07192521542310715,0.561324954032898,0.7106068134307861,-0.05617589130997658,0.5846367478370667,0.7635394930839539,-0.07143177092075348,0.6001290678977966,0.7920212149620056,-0.07381262630224228,0.6114559173583984,0.8134006857872009,-0.07403745502233505,Rock
0.33385851979255676,0.48757803440093994,-3.413836680010718e-07,0.3491521179676056,0.4194372892379761,0.0017356902826577425,0.3357684314250946,0.33654794096946716,-0.009744306094944477,0.28777727484703064,0.2753089666366577,-0.02106211706995964,0.2491489052772522,0.2461758553981781,-0.02964526228606701,0.37851953506469727,0.310615211725235,-0.026432834565639496,0.31505322456359863,0.23833304643630981,-0.043452996760606766,0.3046433627605438,0.274251252412796,-0.04706992208957672,0.31445828080177307,0.29714131355285645,-0.048091232776641846,0.3500796854496002,0.329135924577713,-0.0356556735932827,0.2821749150753021,0.2655959725379944,-0.050091397017240524,0.28064820170402527,0.3011542856693268,-0.04415718838572502,0.2948036789894104,0.32018333673477173,-0.040609538555145264,0.3171626925468445,0.34790143370628357,-0.044148385524749756,0.2552121579647064,0.2961280047893524,-0.05374469235539436,0.25922974944114685,0.33092018961906433,-0.03910881280899048,0.27474623918533325,0.3477819561958313,-0.03034859709441662,0.28261876106262207,0.36683154106140137,-0.052317798137664795,0.24013248085975647,0.327079176902771,-0.0574922114610672,0.24352455139160156,0.3562353849411011,-0.04798305407166481,0.2552146315574646,0.3702569603919983,-0.04107082635164261,Rock
0.27546343207359314,0.36003559827804565,-2.4288894451274246e-07,0.2853982448577881,0.28672653436660767,-0.003933854401111603,0.254491925239563,0.19109295308589935,-0.017366701737046242,0.1884409487247467,0.13610628247261047,-0.02992139384150505,0.13715027272701263,0.11054667085409164,-0.039170678704977036,0.28742516040802,0.1418045163154602,-0.03284810110926628,0.2058771699666977,0.07604102790355682,-0.053735870867967606,0.20237110555171967,0.11672724038362503,-0.05440979078412056,0.22155864536762238,0.1455036997795105,-0.0519222728908062,0.2542095184326172,0.1716865599155426,-0.0417197160422802,0.16152942180633545,0.11836086213588715,-0.06343135237693787,0.17181167006492615,0.16657520830631256,-0.056753870099782944,0.19654393196105957,0.18952098488807678,-0.05030076205730438,0.21710127592086792,0.2084391713142395,-0.05041385069489479,0.12933826446533203,0.17341822385787964,-0.06588301062583923,0.14676126837730408,0.2188793122768402,-0.04764425754547119,0.1738162785768509,0.2337794005870819,-0.03537550941109657,0.18093012273311615,0.2509661912918091,-0.05898439511656761,0.11091911047697067,0.22180132567882538,-0.07106679677963257,0.12561646103858948,0.25675395131111145,-0.06041468679904938,0.15083199739456177,0.27062398195266724,-0.051072049885988235,Rock
0.28899407386779785,0.8436482548713684,-5.880453954887344e-07,0.22917792201042175,0.8085759282112122,-0.029669364914298058,0.18747052550315857,0.7149513959884644,-0.04141387343406677,0.1908305287361145,0.6274086833000183,-0.05353207513689995,0.22928175330162048,0.5782723426818848,-0.05691619589924812,0.2122424691915512,0.6047181487083435,0.00893657561391592,0.18965356051921844,0.5704353451728821,-0.031707700341939926,0.19645299017429352,0.6426281332969666,-0.049467772245407104,0.21038876473903656,0.6579412817955017,-0.05514846742153168,0.2525768578052521,0.5992591977119446,0.007725968025624752,0.2310251146554947,0.5947903394699097,-0.03489456698298454,0.23328861594200134,0.6746621131896973,-0.038367144763469696,0.2427554428577423,0.6723210215568542,-0.02800232358276844,0.28936079144477844,0.6129071116447449,-0.003992346115410328,0.26588520407676697,0.6350786089897156,-0.043786533176898956,0.26285141706466675,0.7060587406158447,-0.033100027590990067,0.2703104317188263,0.6943750977516174,-0.014623412862420082,0.32388079166412354,0.6345497965812683,-0.0198201946914196,0.29417797923088074,0.6669615507125854,-0.036601029336452484,0.29327571392059326,0.7154358625411987,-0.028634382411837578,0.3039070963859558,0.7042025327682495,-0.016732877120375633,Rock
0.3760080933570862,0.7793809175491333,-3.0252022042986937e-07,0.38919201493263245,0.6936280131340027,-0.004989025183022022,0.366672545671463,0.5931062698364258,-0.02492622286081314,0.3040080666542053,0.5274824500083923,-0.04246139898896217,0.25843268632888794,0.5264104008674622,-0.057926759123802185,0.4135873317718506,0.5807358622550964,-0.05540071800351143,0.3284514844417572,0.5024001002311707,-0.07812288403511047,0.31886738538742065,0.5423675179481506,-0.07937563210725784,0.33439818024635315,0.5645426511764526,-0.07827736437320709,0.38447481393814087,0.6220972537994385,-0.06496818363666534,0.29454296827316284,0.539947509765625,-0.0876438245177269,0.2925010323524475,0.5769804120063782,-0.07876624166965485,0.31054386496543884,0.6006032824516296,-0.07231836766004562,0.3476759195327759,0.6579615473747253,-0.07272344082593918,0.2634361684322357,0.5864217877388,-0.09075351804494858,0.2722339630126953,0.6216007471084595,-0.07361865043640137,0.2965092957019806,0.6434270143508911,-0.061566974967718124,0.3083501160144806,0.6889783143997192,-0.07972976565361023,0.24637791514396667,0.6318201422691345,-0.09082219749689102,0.2584735155105591,0.6574446558952332,-0.08048848807811737,0.2805299460887909,0.6739172339439392,-0.0725741907954216,Rock
0.49597859382629395,0.8528558611869812,-3.0878260304234573e-07,0.5299186110496521,0.8099490404129028,0.0003322653938084841,0.5483334064483643,0.7440004348754883,-0.012295874767005444,0.5419712066650391,0.6730861067771912,-0.02501094713807106,0.5303421020507812,0.6320500373840332,-0.03533842787146568,0.593729555606842,0.7486785054206848,-0.028239181265234947,0.5687600374221802,0.6542508602142334,-0.04571012035012245,0.5492081642150879,0.6767087578773499,-0.04863008111715317,0.5515434741973877,0.6984782814979553,-0.04941384121775627,0.5698244571685791,0.7516915202140808,-0.037609320133924484,0.536699116230011,0.6552017331123352,-0.05459768697619438,0.521672248840332,0.6834326386451721,-0.04884510114789009,0.5267159342765808,0.7071367502212524,-0.04465235397219658,0.5402488708496094,0.7496262192726135,-0.04653695598244667,0.5059891939163208,0.6710558533668518,-0.058521073311567307,0.4961474537849426,0.7012126445770264,-0.04536561295390129,0.5054801106452942,0.7240391373634338,-0.03717431053519249,0.5097729563713074,0.7455352544784546,-0.05547363683581352,0.48306265473365784,0.6941664814949036,-0.06348124146461487,0.47662627696990967,0.7195027470588684,-0.057000722736120224,0.48466792702674866,0.7371988296508789,-0.051964156329631805,Rock
0.5945554971694946,0.8574778437614441,-2.703273480619828e-07,0.6124687790870667,0.7993107438087463,-0.002883155597373843,0.6313785910606384,0.7633505463600159,-0.016302980482578278,0.646371603012085,0.7342638969421387,-0.031294241547584534,0.6576727628707886,0.7154192328453064,-0.04520402476191521,0.6948306560516357,0.806026041507721,-0.014403249137103558,0.6959639191627502,0.7321531176567078,-0.031166013330221176,0.6916334629058838,0.6921249032020569,-0.041417624801397324,0.6893337368965149,0.6666265726089478,-0.04852190986275673,0.6891030669212341,0.8133775591850281,-0.022500159218907356,0.6618166565895081,0.7329697012901306,-0.039041295647621155,0.6370404958724976,0.7489816546440125,-0.040112707763910294,0.6343709230422974,0.7712142467498779,-0.040464408695697784,0.674769401550293,0.8124499917030334,-0.0316275991499424,0.6373674273490906,0.7395309805870056,-0.04336821660399437,0.616890549659729,0.7582988142967224,-0.03555460646748543,0.6183364987373352,0.7784584164619446,-0.03117220662534237,0.656105101108551,0.8053433299064636,-0.04200272262096405,0.6244258284568787,0.7514351010322571,-0.05137384310364723,0.6083095073699951,0.7633219957351685,-0.04877575859427452,0.608984112739563,0.7788901329040527,-0.0463625006377697,Rock
0.6559025049209595,0.6636989116668701,-2.635474345424882e-07,0.6655576825141907,0.6181797385215759,-0.0023327330127358437,0.6829649209976196,0.5860248804092407,-0.007214460987597704,0.7008460760116577,0.5685390830039978,-0.015068699605762959,0.7206342220306396,0.5696176290512085,-0.01978178508579731,0.7276146411895752,0.6142293214797974,0.013928662985563278,0.7206611633300781,0.5728967189788818,-0.0036327310372143984,0.7016666531562805,0.587391197681427,-0.013963591307401657,0.6996541023254395,0.6056700944900513,-0.018385469913482666,0.7317754626274109,0.6270927786827087,0.008257043547928333,0.718131422996521,0.5798478722572327,-0.011244360357522964,0.6955986618995667,0.6005711555480957,-0.015108882449567318,0.6994730830192566,0.6206416487693787,-0.012162148021161556,0.7324246764183044,0.6371972560882568,-0.0009663271484896541,0.7133935689926147,0.5930836796760559,-0.018262572586536407,0.6923444271087646,0.6121746301651001,-0.01428978331387043,0.6965950131416321,0.6310237646102905,-0.006517401896417141,0.7284218668937683,0.6440331935882568,-0.011225815862417221,0.7096457481384277,0.6070273518562317,-0.021006852388381958,0.6955170631408691,0.6217705011367798,-0.018920166417956352,0.6990743279457092,0.6402172446250916,-0.013738537207245827,Rock
0.665343165397644,0.4260244071483612,-9.22291860661062e-08,0.6682050824165344,0.36998480558395386,-0.011196684092283249,0.68264240026474,0.3209179937839508,-0.010300146415829659,0.7062128782272339,0.2940158545970917,-0.010303529910743237,0.7262207269668579,0.28853267431259155,-0.006735531613230705,0.6744530200958252,0.30410635471343994,0.022329043596982956,0.702573835849762,0.27884969115257263,0.010486063547432423,0.7004631161689758,0.30103886127471924,0.002337000099942088,0.6917772889137268,0.31327393651008606,0.0004514683678280562,0.6875144243240356,0.3205236494541168,0.02492295764386654,0.7148687243461609,0.30204352736473083,0.012515771202743053,0.7047368288040161,0.32465463876724243,0.0055899531580507755,0.6925037503242493,0.33086681365966797,0.005856016650795937,0.70071941614151,0.3375013470649719,0.022702524438500404,0.7221505641937256,0.3250804543495178,0.00984638649970293,0.7082843780517578,0.34573134779930115,0.006994997151196003,0.6952773928642273,0.34961554408073425,0.010219858027994633,0.7118930816650391,0.35466063022613525,0.019221067428588867,0.7279847860336304,0.3439245820045471,0.015323836356401443,0.7167937755584717,0.35769060254096985,0.01699420064687729,0.704569399356842,0.3627224564552307,0.020823517814278603,Rock
0.4369373619556427,0.7048653364181519,-4.821285983780399e-07,0.40786683559417725,0.6623105406761169,-0.009891202673316002,0.4063912630081177,0.5785536766052246,-0.011811022646725178,0.4346174895763397,0.5186189413070679,-0.01656615175306797,0.4661261737346649,0.49012503027915955,-0.01780206337571144,0.4451344311237335,0.5525211095809937,0.014429098926484585,0.44490107893943787,0.5052738189697266,-0.011648311279714108,0.4328919053077698,0.5406204462051392,-0.020540138706564903,0.4402620792388916,0.5602003335952759,-0.02058487944304943,0.4669911563396454,0.569225549697876,0.0103079192340374,0.46334803104400635,0.5248057246208191,-0.01933925412595272,0.44199109077453613,0.5827831625938416,-0.018413158133625984,0.4526492953300476,0.5977408289909363,-0.006685744971036911,0.4868850111961365,0.5900635123252869,-0.000288511801045388,0.4776611030101776,0.5560373067855835,-0.032443396747112274,0.4552694857120514,0.6114153265953064,-0.022576885297894478,0.4654092490673065,0.6259915828704834,-0.004508225712925196,0.5088198184967041,0.6120943427085876,-0.01185816340148449,0.4938158094882965,0.5790990591049194,-0.02723154053092003,0.47473782300949097,0.6159042716026306,-0.018611006438732147,0.48197782039642334,0.6332945227622986,-0.006207225378602743,Rock
0.376434326171875,0.6495398283004761,-7.480155659322918e-07,0.2997109293937683,0.6145080924034119,-0.019446128979325294,0.2407539188861847,0.49519363045692444,-0.025747571140527725,0.2427196204662323,0.3828986883163452,-0.03686998412013054,0.268841952085495,0.3095899820327759,-0.04025750607252121,0.28123053908348083,0.3778323829174042,0.022799137979745865,0.24642440676689148,0.31890925765037537,-0.023814184591174126,0.2410770207643509,0.3773108422756195,-0.036691077053546906,0.255055695772171,0.4016783833503723,-0.03495155647397041,0.32635846734046936,0.3767378032207489,0.01512465812265873,0.28568655252456665,0.3423074185848236,-0.03513045236468315,0.28791606426239014,0.4568835496902466,-0.026618583127856255,0.3135949373245239,0.45472586154937744,-0.0018467186018824577,0.37175843119621277,0.38948574662208557,-0.004863114561885595,0.3266867399215698,0.38342276215553284,-0.059319060295820236,0.3275199234485626,0.4903866648674011,-0.035578206181526184,0.3516838550567627,0.485270619392395,-0.00169925217051059,0.416525661945343,0.40865498781204224,-0.027661852538585663,0.3662852942943573,0.41009721159935,-0.054439861327409744,0.36355262994766235,0.4825238883495331,-0.03857572376728058,0.38794761896133423,0.48033198714256287,-0.01707600988447666,Rock
0.45847612619400024,0.4941856861114502,-3.294935879694094e-07,0.3915456235408783,0.4765147268772125,-0.028992077335715294,0.3317239582538605,0.3445192873477936,-0.03862272948026657,0.34246599674224854,0.20855864882469177,-0.05017261579632759,0.3694125711917877,0.12888625264167786,-0.05640004202723503,0.35114261507987976,0.25404638051986694,0.00877603143453598,0.33185863494873047,0.18333026766777039,-0.039942264556884766,0.3408714532852173,0.150539830327034,-0.057232778519392014,0.3661937117576599,0.11599744856357574,-0.05971914157271385,0.40332621335983276,0.25545138120651245,0.008507262915372849,0.383756160736084,0.18690206110477448,-0.04444456472992897,0.3910636007785797,0.3030867576599121,-0.030789803713560104,0.4060259461402893,0.3067155182361603,-0.0007323369500227273,0.45005765557289124,0.26571282744407654,-0.0042144982144236565,0.4355485439300537,0.20948141813278198,-0.0642111748456955,0.43464308977127075,0.3233075737953186,-0.03392154723405838,0.449983686208725,0.3355669677257538,0.007116627413779497,0.5011416673660278,0.27079862356185913,-0.020146138966083527,0.4813457131385803,0.23062223196029663,-0.05365907773375511,0.4749472141265869,0.3102094829082489,-0.03551994636654854,0.4861198961734772,0.32893455028533936,-0.010643614456057549,Rock
0.762046754360199,0.6285022497177124,-5.230983219917107e-07,0.7251110076904297,0.5578900575637817,-0.011046217754483223,0.7253373861312866,0.4562082290649414,-0.01381186954677105,0.7678356766700745,0.38860321044921875,-0.02203385904431343,0.8166182637214661,0.37942227721214294,-0.0263038519769907,0.7790606021881104,0.4367469847202301,0.029018770903348923,0.7873319983482361,0.3794897198677063,-0.0005650255479849875,0.7663178443908691,0.4179353415966034,-0.011349455453455448,0.769045889377594,0.4437774121761322,-0.01147448644042015,0.807538628578186,0.4600992798805237,0.023539425805211067,0.8136013150215149,0.4090737998485565,-0.010693267919123173,0.7780930995941162,0.4709489941596985,-0.010703617706894875,0.7854248881340027,0.48998281359672546,0.0031053845304995775,0.8338608145713806,0.4882018268108368,0.00959549006074667,0.8346818089485168,0.44366198778152466,-0.028234679251909256,0.7981413006782532,0.502577006816864,-0.01710575632750988,0.8040873408317566,0.523981511592865,0.004806116223335266,0.862665057182312,0.5213292241096497,-0.0057183061726391315,0.8595647215843201,0.4732043445110321,-0.02263585291802883,0.8325289487838745,0.5107276439666748,-0.011232803575694561,0.8353282809257507,0.5361121892929077,0.004827616736292839,Rock
0.3571792542934418,0.8587852716445923,4.043439503220725e-07,0.3081818222999573,0.7954463958740234,-0.026843653991818428,0.2857765555381775,0.703480064868927,-0.03798968344926834,0.2780829668045044,0.6289310455322266,-0.04726292937994003,0.2650805115699768,0.5695756673812866,-0.05587472766637802,0.3661288321018219,0.6115120649337769,-0.013907946646213531,0.37397488951683044,0.5178591012954712,-0.03194486349821091,0.380831778049469,0.45807838439941406,-0.04861244559288025,0.38962024450302124,0.4079344868659973,-0.06151067093014717,0.40546539425849915,0.6197150945663452,-0.017345206812024117,0.43118494749069214,0.523536741733551,-0.03219866752624512,0.4478744864463806,0.4609183073043823,-0.047832295298576355,0.46206212043762207,0.41086673736572266,-0.059729307889938354,0.43521347641944885,0.6478946805000305,-0.02558440901339054,0.46896621584892273,0.5649285316467285,-0.04402177035808563,0.4882446825504303,0.5099406838417053,-0.05870663747191429,0.5037724375724792,0.46139684319496155,-0.06953666359186172,0.4576442837715149,0.6925232410430908,-0.036611270159482956,0.49677741527557373,0.6448216438293457,-0.05491313338279724,0.5221867561340332,0.6118002533912659,-0.0640510842204094,0.5445172190666199,0.5797255039215088,-0.07052949070930481,Paper
0.2074243277311325,0.680202066898346,6.969540322643297e-07,0.11322876811027527,0.6304827928543091,-0.03319104388356209,0.043799638748168945,0.5196758508682251,-0.04683060944080353,0.005228862166404724,0.42438647150993347,-0.05766993388533592,-0.030688852071762085,0.3713630437850952,-0.0691094771027565,0.12109553813934326,0.36003103852272034,-0.028059309348464012,0.09166400134563446,0.22743867337703705,-0.052788473665714264,0.07738872617483139,0.14271685481071472,-0.07462125271558762,0.0678483247756958,0.07181128859519958,-0.09129752218723297,0.18074020743370056,0.35153502225875854,-0.03281564638018608,0.18191391229629517,0.2036176323890686,-0.05256015807390213,0.17996545135974884,0.11057552695274353,-0.07197952270507812,0.17641344666481018,0.03620728850364685,-0.08656812459230423,0.2344704121351242,0.37424901127815247,-0.04290459305047989,0.2504168450832367,0.2449692338705063,-0.0663481280207634,0.25421592593193054,0.1601671278476715,-0.08613789081573486,0.2541985809803009,0.08678147196769714,-0.10065088421106339,0.2848135232925415,0.42169561982154846,-0.05609159544110298,0.3189305365085602,0.33474692702293396,-0.08008328080177307,0.3375222086906433,0.2737421989440918,-0.09240195155143738,0.35126233100891113,0.21460334956645966,-0.10077603906393051,Paper
0.7293187379837036,0.7497556209564209,4.975369733983825e-07,0.6933388710021973,0.6946718096733093,-0.04169335588812828,0.6852750778198242,0.619253396987915,-0.06070747226476669,0.687375009059906,0.5512663125991821,-0.07336343824863434,0.6793057322502136,0.4962935447692871,-0.08505962789058685,0.7655104994773865,0.5612727403640747,-0.035080842673778534,0.790730893611908,0.48599982261657715,-0.05468505620956421,0.8092283606529236,0.4364207088947296,-0.07272588461637497,0.8274325728416443,0.39461851119995117,-0.08644624799489975,0.7973772287368774,0.5769012570381165,-0.027186842635273933,0.8333767056465149,0.5023265480995178,-0.0426274910569191,0.8595879673957825,0.4550166428089142,-0.058332473039627075,0.8838505744934082,0.4145369529724121,-0.07047461718320847,0.8175587058067322,0.6076669692993164,-0.023767827078700066,0.8578110933303833,0.5464245676994324,-0.040641020983457565,0.8850187063217163,0.5101056694984436,-0.05405307933688164,0.9092100262641907,0.4781922698020935,-0.06367549300193787,0.8317363262176514,0.649161159992218,-0.0240250825881958,0.8682842254638672,0.6131435632705688,-0.039699487388134,0.89231938123703,0.5923988223075867,-0.04789121821522713,0.91612309217453,0.5718842148780823,-0.05357329174876213,Paper
0.7162025570869446,0.4736102819442749,3.6048771789864986e-07,0.7196364402770996,0.41781285405158997,-0.009057242423295975,0.738768458366394,0.3688175082206726,-0.01259420532733202,0.7557864189147949,0.33774250745773315,-0.016655661165714264,0.7672982811927795,0.310087651014328,-0.021217988803982735,0.8073667287826538,0.3699897229671478,0.0002731698041316122,0.8378434777259827,0.3361566960811615,-0.007206950802356005,0.8597534894943237,0.3144739270210266,-0.016565507277846336,0.8796083927154541,0.2978302240371704,-0.024058008566498756,0.8210728764533997,0.39201483130455017,-0.004688250832259655,0.8636481761932373,0.3690400719642639,-0.0106031633913517,0.8933679461479187,0.35427841544151306,-0.0199012141674757,0.9190245866775513,0.34297820925712585,-0.027148302644491196,0.8242451548576355,0.41640979051589966,-0.012066579423844814,0.8678296804428101,0.40389615297317505,-0.020276736468076706,0.896412193775177,0.3946354389190674,-0.030318470671772957,0.9210320711135864,0.3857883810997009,-0.03785134106874466,0.8179348111152649,0.44344452023506165,-0.020648304373025894,0.8520679473876953,0.4478309154510498,-0.02884426899254322,0.8748592734336853,0.45068225264549255,-0.03388416767120361,0.895800769329071,0.4517916440963745,-0.03758407384157181,Paper
0.32413992285728455,0.5366612672805786,3.25970859194058e-07,0.2811788320541382,0.5352293252944946,-0.013361766003072262,0.23919925093650818,0.5079582333564758,-0.022484488785266876,0.20750439167022705,0.48552390933036804,-0.030742965638637543,0.178279846906662,0.46847620606422424,-0.03981165960431099,0.23765049874782562,0.44507911801338196,-0.025830429047346115,0.1948649287223816,0.40778183937072754,-0.04442416876554489,0.16903501749038696,0.38208529353141785,-0.057230740785598755,0.1479988694190979,0.3579634428024292,-0.06723500788211823,0.254905104637146,0.42835408449172974,-0.03266462683677673,0.22199346125125885,0.37539929151535034,-0.05343214422464371,0.20029354095458984,0.33631381392478943,-0.06909074634313583,0.18239954113960266,0.30161815881729126,-0.08002346754074097,0.27803725004196167,0.43004319071769714,-0.04071781039237976,0.2655177712440491,0.37111303210258484,-0.0647151917219162,0.2551333010196686,0.3298550248146057,-0.08104481548070908,0.24430043995380402,0.2922345995903015,-0.09172672778367996,0.3039688766002655,0.4457505941390991,-0.04881490394473076,0.3126832842826843,0.4043019115924835,-0.07360731065273285,0.3151664435863495,0.3735477030277252,-0.0862831100821495,0.31425923109054565,0.34336820244789124,-0.09429188072681427,Paper
0.657131016254425,0.4662275016307831,2.0265404998554004e-07,0.6361991763114929,0.43063366413116455,-0.014838442206382751,0.6246591806411743,0.3822108209133148,-0.020146209746599197,0.6234053373336792,0.3417205512523651,-0.023931119590997696,0.6201399564743042,0.31017670035362244,-0.02707187831401825,0.6656877398490906,0.34052300453186035,-0.008831704035401344,0.6730074286460876,0.2921990752220154,-0.017874399200081825,0.677624523639679,0.2621268332004547,-0.026162628084421158,0.6824811697006226,0.2363274246454239,-0.032355405390262604,0.684897780418396,0.34754815697669983,-0.008815601468086243,0.6992023587226868,0.2979695498943329,-0.015294664539396763,0.7087951898574829,0.26720505952835083,-0.022150252014398575,0.7174600958824158,0.2422727346420288,-0.027382010594010353,0.6994981169700623,0.36480191349983215,-0.011135016568005085,0.7180935144424438,0.3250287175178528,-0.01922297477722168,0.7301391363143921,0.2997550964355469,-0.025163544341921806,0.7399370670318604,0.27838602662086487,-0.029474912211298943,0.7109614014625549,0.39022621512413025,-0.014997577294707298,0.7290006875991821,0.3684993386268616,-0.022994305938482285,0.7401478290557861,0.3548998236656189,-0.026058392599225044,0.7504138350486755,0.3422967791557312,-0.02793857641518116,Paper
0.24590668082237244,0.6023885011672974,4.833362936551566e-07,0.2794185280799866,0.5623307824134827,-0.02988278679549694,0.28329721093177795,0.494531512260437,-0.041611965745687485,0.24732130765914917,0.4505203664302826,-0.05234286189079285,0.2087753862142563,0.4235202968120575,-0.06091875582933426,0.27519887685775757,0.3959999084472656,-0.018501488491892815,0.2838476300239563,0.3120974004268646,-0.03871435672044754,0.2867981493473053,0.26256173849105835,-0.051575616002082825,0.286369264125824,0.219516783952713,-0.05940401181578636,0.2364945113658905,0.3953821063041687,-0.018628323450684547,0.215619295835495,0.30120617151260376,-0.04271283745765686,0.20111198723316193,0.24495244026184082,-0.0572572685778141,0.18810763955116272,0.1986178308725357,-0.06316190958023071,0.20749706029891968,0.4207443296909332,-0.022380292415618896,0.1874251365661621,0.3694460391998291,-0.05878086015582085,0.20285150408744812,0.4189818203449249,-0.0654311552643776,0.21461042761802673,0.45828670263290405,-0.058222245424985886,0.18819095194339752,0.45956993103027344,-0.028226099908351898,0.17749103903770447,0.4359270930290222,-0.05777984485030174,0.19079072773456573,0.4645666778087616,-0.06009003520011902,0.20258364081382751,0.4891652464866638,-0.05365387722849846,Scissors
0.5449480414390564,0.7553321123123169,-6.813021258267327e-08,0.5967114567756653,0.7325875163078308,-0.00956400390714407,0.6353528499603271,0.6799176931381226,-0.018530838191509247,0.6602548956871033,0.639022707939148,-0.030115336179733276,0.6864745616912842,0.6190738081932068,-0.042260654270648956,0.6072449684143066,0.5884565711021423,-0.02354041486978531,0.6180155277252197,0.511162519454956,-0.041043028235435486,0.622776210308075,0.45960745215415955,-0.05045589059591293,0.6242864727973938,0.4156791567802429,-0.05688745528459549,0.5743411183357239,0.5779204368591309,-0.02846701070666313,0.6096254587173462,0.5923049449920654,-0.057696569710969925,0.6104120016098022,0.643316924571991,-0.06476069986820221,0.6021138429641724,0.677614152431488,-0.0629909560084343,0.5453938245773315,0.5862319469451904,-0.03316256403923035,0.5806208252906799,0.6244456171989441,-0.06246495991945267,0.5804694890975952,0.6778665781021118,-0.05951053649187088,0.573739230632782,0.7124180197715759,-0.04953756183385849,0.5196665525436401,0.6050761342048645,-0.03879635035991669,0.5510097742080688,0.6337687373161316,-0.059177618473768234,0.5671700239181519,0.676385223865509,-0.056313857436180115,0.5767375230789185,0.7125006914138794,-0.04742773249745369,Scissors
0.5592597126960754,0.5266125202178955,3.061838356188673e-07,0.6071884632110596,0.5031221508979797,-0.004611537791788578,0.6508890390396118,0.45829442143440247,-0.005169918294996023,0.6775059103965759,0.42437782883644104,-0.00850254762917757,0.7003415822982788,0.3998655378818512,-0.0129346689209342,0.6182918548583984,0.41292816400527954,0.007763523608446121,0.6275115013122559,0.3753201961517334,0.0028764409944415092,0.6389586925506592,0.3537031412124634,-0.0017185088945552707,0.6490163803100586,0.33483633399009705,-0.004676811397075653,0.5975692868232727,0.4022050201892853,0.00443470710888505,0.6193416118621826,0.368749737739563,-0.008121266029775143,0.6297996044158936,0.3937165439128876,-0.015729870647192,0.631289541721344,0.4206176996231079,-0.01674170233309269,0.5761841535568237,0.39523792266845703,-0.0005462346016429365,0.6013548374176025,0.37524300813674927,-0.019656740128993988,0.606182336807251,0.4142914116382599,-0.023763293400406837,0.6017086505889893,0.44773340225219727,-0.02006964199244976,0.5535627603530884,0.39463645219802856,-0.0053903087973594666,0.5801201462745667,0.3735320568084717,-0.02132725715637207,0.5951088070869446,0.4043581485748291,-0.02342195063829422,0.6004335284233093,0.4376665949821472,-0.020475097000598907,Scissors
0.2759259045124054,0.7548036575317383,2.9951016244922357e-07,0.32088929414749146,0.7258211970329285,-0.018921509385108948,0.3562745451927185,0.6691610813140869,-0.0247440617531538,0.3785074055194855,0.6199613809585571,-0.02966756373643875,0.401974618434906,0.5916165113449097,-0.034181270748376846,0.31598374247550964,0.5825691819190979,-0.006918194703757763,0.32619279623031616,0.5180492401123047,-0.016383104026317596,0.33040541410446167,0.4789557456970215,-0.02619095705449581,0.3333536982536316,0.4461088180541992,-0.03374033421278,0.2878229022026062,0.5792655944824219,-0.006672134157270193,0.28963953256607056,0.5080804824829102,-0.014196260832250118,0.2885842025279999,0.46419084072113037,-0.0232970230281353,0.2867100238800049,0.43144071102142334,-0.030056973919272423,0.2629678547382355,0.5895312428474426,-0.009413584135472775,0.26083824038505554,0.5227871537208557,-0.018020378425717354,0.2601667046546936,0.4829360544681549,-0.02578677423298359,0.25985413789749146,0.4509141147136688,-0.031302310526371,0.23877286911010742,0.6126326322555542,-0.014407705515623093,0.2296190708875656,0.5668296217918396,-0.023288581520318985,0.22460134327411652,0.5371292233467102,-0.027379903942346573,0.22115293145179749,0.5098261833190918,-0.029734494164586067,Paper
0.5664911866188049,0.8469784259796143,1.3746017657467746e-07,0.6176915764808655,0.8445149064064026,-0.010635904036462307,0.665355920791626,0.7988013029098511,-0.012937432155013084,0.6965430378913879,0.7602019309997559,-0.016448764130473137,0.7243361473083496,0.7419179677963257,-0.020253997296094894,0.6617438197135925,0.6978766322135925,-0.0018618530593812466,0.6883132457733154,0.6379666328430176,-0.01302182674407959,0.7047718167304993,0.6029419302940369,-0.023680273443460464,0.7180821895599365,0.5743119120597839,-0.03180491179227829,0.6394309401512146,0.6811617016792297,-0.006975378375500441,0.655155599117279,0.6050651669502258,-0.01742211915552616,0.6670356392860413,0.5580938458442688,-0.028276357799768448,0.6749119162559509,0.5198270082473755,-0.03611728549003601,0.6168457865715027,0.680292010307312,-0.014612394385039806,0.6252849102020264,0.608069121837616,-0.0255673099309206,0.6350815296173096,0.563368558883667,-0.03431830555200577,0.6435896754264832,0.5250208377838135,-0.04052246734499931,0.5916221141815186,0.6933452486991882,-0.02381289191544056,0.58940589427948,0.6365477442741394,-0.035089727491140366,0.5928089618682861,0.5983566045761108,-0.040967848151922226,0.5977712273597717,0.5632231831550598,-0.044703513383865356,Paper
0.24171926081180573,0.7095766663551331,-1.2353532952147361e-07,0.29178130626678467,0.7030485272407532,-0.017409365624189377,0.3442375659942627,0.6465377807617188,-0.02372903935611248,0.3651614189147949,0.5850281715393066,-0.02949376218020916,0.35408568382263184,0.5385783910751343,-0.03187652677297592,0.3376062214374542,0.5915461182594299,0.0023056629579514265,0.35768818855285645,0.5730104446411133,-0.01736706681549549,0.35779398679733276,0.5724029541015625,-0.023174773901700974,0.35535863041877747,0.5527520775794983,-0.02452741377055645,0.30885282158851624,0.5716408491134644,0.0017270561074838042,0.33127471804618835,0.5687453150749207,-0.022092126309871674,0.31152039766311646,0.6236854195594788,-0.020497672259807587,0.30421262979507446,0.6113408803939819,-0.011777092702686787,0.2811957895755768,0.5643308758735657,-0.004077887628227472,0.2983199656009674,0.5768684148788452,-0.03462459146976471,0.2854015827178955,0.6290080547332764,-0.02789382077753544,0.2777697741985321,0.6151756048202515,-0.015205087140202522,0.2551838457584381,0.5639472007751465,-0.010913394391536713,0.2729944884777069,0.5814946293830872,-0.029711687937378883,0.2651074528694153,0.6151849031448364,-0.025311453267931938,0.2536385655403137,0.6030803322792053,-0.017407948151230812,Rock
0.5021097660064697,0.7890251278877258,-2.3692703621236433e-07,0.5529037117958069,0.7906336784362793,-0.005494218785315752,0.5965631008148193,0.7553338408470154,-0.00943782553076744,0.6281917095184326,0.7173853516578674,-0.017237383872270584,0.6316779255867004,0.6783374547958374,-0.021238097921013832,0.5874513983726501,0.6759026646614075,0.013651495799422264,0.6235747933387756,0.6676430702209473,-0.010971568524837494,0.6214980483055115,0.7070507407188416,-0.02079230733215809,0.6148183941841125,0.7211074829101562,-0.022325880825519562,0.5712084770202637,0.6609616875648499,0.006650604773312807,0.6141754388809204,0.6815215349197388,-0.0203938577324152,0.5888062715530396,0.7313211560249329,-0.02274513430893421,0.5713392496109009,0.7218937873840332,-0.01600537821650505,0.5554615259170532,0.6534925103187561,-0.005377912428230047,0.5924850702285767,0.6920937895774841,-0.03588288649916649,0.566450834274292,0.734478771686554,-0.03178257867693901,0.548699676990509,0.7212156653404236,-0.019963769242167473,0.5398775935173035,0.6512269973754883,-0.01777651533484459,0.5718036890029907,0.6885528564453125,-0.03498946875333786,0.5549535751342773,0.7167957425117493,-0.030914338305592537,0.5370815992355347,0.7057389616966248,-0.02246079593896866,Rock
0.24773205816745758,0.6626457571983337,-2.3851667307894786e-08,0.2953052222728729,0.6526703238487244,-0.018122868612408638,0.3415234386920929,0.5962883830070496,-0.02318030223250389,0.354905366897583,0.531484842300415,-0.026591705158352852,0.33798453211784363,0.48848283290863037,-0.029295433312654495,0.3208693861961365,0.5556100010871887,-0.007000945508480072,0.3386494517326355,0.5206457376480103,-0.023199528455734253,0.33925798535346985,0.5013915300369263,-0.03246477246284485,0.3318905830383301,0.47761988639831543,-0.03782591596245766,0.29326266050338745,0.5441434383392334,-0.005718357395380735,0.3062041997909546,0.5191830992698669,-0.026776494458317757,0.29768234491348267,0.566502034664154,-0.02986345998942852,0.28784868121147156,0.580759584903717,-0.026877395808696747,0.26680684089660645,0.5408204197883606,-0.007838723249733448,0.2781784236431122,0.523029625415802,-0.03198494762182236,0.27508875727653503,0.5708619356155396,-0.02434530295431614,0.2682763934135437,0.5856345295906067,-0.013188106007874012,0.23766076564788818,0.5414621233940125,-0.011306947097182274,0.25579583644866943,0.529231071472168,-0.026739967986941338,0.25468140840530396,0.5619197487831116,-0.020141132175922394,0.24801576137542725,0.5718287825584412,-0.011861748062074184,Rock
0.5740391612052917,0.6611428260803223,-5.909865876674303e-07,0.6942744851112366,0.6056331396102905,-0.029185423627495766,0.7892263531684875,0.4655833840370178,-0.041111625730991364,0.8372429609298706,0.335602343082428,-0.056405503302812576,0.8133622407913208,0.23687155544757843,-0.06221260502934456,0.7283982038497925,0.31145545840263367,0.010779689066112041,0.7984830737113953,0.2699958086013794,-0.04342223331332207,0.7826035022735596,0.3722325265407562,-0.06190013140439987,0.7458603978157043,0.37906765937805176,-0.06465955078601837,0.6685680747032166,0.30154290795326233,0.002860767999663949,0.7544471025466919,0.2691018581390381,-0.05528637021780014,0.7288849949836731,0.417292982339859,-0.05977250263094902,0.6891161203384399,0.40473276376724243,-0.046845730394124985,0.6099573373794556,0.30635857582092285,-0.015812668949365616,0.6903951168060303,0.2883952856063843,-0.0863802433013916,0.6716525554656982,0.43006229400634766,-0.06684650480747223,0.6278970241546631,0.4251059591770172,-0.03440653160214424,0.5494571924209595,0.3201557993888855,-0.035477254539728165,0.6296554803848267,0.29694753885269165,-0.07521065324544907,0.6247845888137817,0.39672279357910156,-0.05180110037326813,0.5824451446533203,0.40767326951026917,-0.022822067141532898,Rock
0.4790034294128418,0.7891431450843811,-4.70591572820922e-07,0.5977740287780762,0.7619074583053589,-0.02692682296037674,0.6937716007232666,0.6442151069641113,-0.036377791315317154,0.7468855381011963,0.5350766777992249,-0.04999823868274689,0.7313349843025208,0.4425283670425415,-0.055324386805295944,0.6678332090377808,0.5148805975914001,0.022222770377993584,0.7233515977859497,0.4632245898246765,-0.026607703417539597,0.725091278553009,0.5208346843719482,-0.04291069880127907,0.7075642943382263,0.5273504853248596,-0.04172176122665405,0.6139333248138428,0.48990532755851746,0.015409897081553936,0.6854599714279175,0.4655555784702301,-0.03057718649506569,0.6447657346725464,0.5943809747695923,-0.02753436379134655,0.615605890750885,0.5680786371231079,-0.00833915639668703,0.5593241453170776,0.47562864422798157,-0.0037154860328882933,0.6226623058319092,0.4690225422382355,-0.064322330057621,0.5916368961334229,0.58684241771698,-0.04613611847162247,0.5591456294059753,0.5605489611625671,-0.015224289149045944,0.5005394816398621,0.46882936358451843,-0.02442176267504692,0.5584900975227356,0.4469449520111084,-0.05669713020324707,0.5491068363189697,0.5300719738006592,-0.033493731170892715,0.5173215866088867,0.530829906463623,-0.005445376969873905,Rock
0.2970012128353119,0.8107377290725708,5.616388989437837e-07,0.3462364375591278,0.7994468212127686,-0.03159811347723007,0.3764593005180359,0.7460867762565613,-0.04483863711357117,0.34494850039482117,0.7010855674743652,-0.057909805327653885,0.3069283962249756,0.6638187766075134,-0.06902438402175903,0.38990694284439087,0.6175310015678406,-0.01794842630624771,0.41705071926116943,0.5373836159706116,-0.04072697460651398,0.4325062930583954,0.4845771789550781,-0.05507328733801842,0.4433562755584717,0.43777573108673096,-0.06448142230510712,0.3515017032623291,0.6020205616950989,-0.021245110780000687,0.35967546701431274,0.503899335861206,-0.048866335302591324,0.3680250942707062,0.44279175996780396,-0.0667775496840477,0.37578120827674866,0.3903074264526367,-0.075100377202034,0.31666943430900574,0.6163113117218018,-0.02910732291638851,0.3199397921562195,0.5663108825683594,-0.07361041009426117,0.32181182503700256,0.6280443072319031,-0.08675796538591385,0.3219577372074127,0.6727049946784973,-0.0826585590839386,0.2871449291706085,0.6490064859390259,-0.03909281641244888,0.29394403100013733,0.6450045108795166,-0.07827624678611755,0.3024486303329468,0.688197910785675,-0.08781413733959198,0.30870580673217773,0.7200689315795898,-0.08545903861522675,Scissors
0.5494379997253418,0.7009633779525757,5.463643901748583e-07,0.6096996068954468,0.6974260807037354,-0.021804939955472946,0.659899890422821,0.6520837545394897,-0.033712439239025116,0.6747007966041565,0.5999881029129028,-0.049027301371097565,0.6451064348220825,0.5644408464431763,-0.062224049121141434,0.6703274250030518,0.5148411393165588,-0.011269216425716877,0.7107303142547607,0.4347038269042969,-0.03494352102279663,0.7311322093009949,0.3815300464630127,-0.05065390467643738,0.745162308216095,0.33258503675460815,-0.061474576592445374,0.6322478652000427,0.49518775939941406,-0.022968612611293793,0.6487801671028137,0.3782470226287842,-0.05627598986029625,0.6597002148628235,0.3099914789199829,-0.07719805091619492,0.6658144593238831,0.25144144892692566,-0.08650638163089752,0.5926337242126465,0.5048987865447998,-0.037869397550821304,0.6196026802062988,0.4514507055282593,-0.08808711171150208,0.63136887550354,0.5264937281608582,-0.09601280838251114,0.6332628130912781,0.5800377726554871,-0.08599639683961868,0.5559080839157104,0.5348109006881714,-0.054213885217905045,0.5866184234619141,0.5225536227226257,-0.09308739751577377,0.6025068759918213,0.5736461877822876,-0.09541303664445877,0.6074772477149963,0.612592339515686,-0.08727972209453583,Scissors
0.5750065445899963,0.7973446249961853,5.662797093464178e-07,0.6276901364326477,0.8026933670043945,-0.030417654663324356,0.6784495115280151,0.776484489440918,-0.04939516633749008,0.6935489773750305,0.7379860877990723,-0.07023891061544418,0.6681086421012878,0.7035107612609863,-0.08832711726427078,0.6952845454216003,0.6318550705909729,-0.024247754365205765,0.733801007270813,0.5555793642997742,-0.05071648210287094,0.7548803091049194,0.508547306060791,-0.06729146838188171,0.7715010643005371,0.46384549140930176,-0.07772381603717804,0.6570912003517151,0.6098756194114685,-0.03179670870304108,0.6797826290130615,0.5104037523269653,-0.06671923398971558,0.6965351104736328,0.4497312307357788,-0.08716201782226562,0.7075411081314087,0.39705562591552734,-0.09586326777935028,0.6178163290023804,0.6124366521835327,-0.042902275919914246,0.6515144109725952,0.5856313705444336,-0.09225018322467804,0.6545645594596863,0.6617181897163391,-0.09942544996738434,0.649742603302002,0.712462842464447,-0.08931774646043777,0.5826637744903564,0.6342873573303223,-0.05653651803731918,0.6145688891410828,0.6463634967803955,-0.09413696080446243,0.625361979007721,0.7019563317298889,-0.09699586778879166,0.6277030110359192,0.741449236869812,-0.08923102170228958,Scissors
0.17969009280204773,0.6665698885917664,8.078615110207465e-07,0.233331561088562,0.660394012928009,-0.04826096445322037,0.2700198292732239,0.6031937599182129,-0.07325366139411926,0.24509485065937042,0.5309560298919678,-0.0963655486702919,0.20462259650230408,0.4693055748939514,-0.11780817061662674,0.3165067434310913,0.4582894444465637,-0.038893233984708786,0.371823251247406,0.3751407563686371,-0.07213856279850006,0.40242868661880493,0.3209097981452942,-0.09500138461589813,0.4279794692993164,0.266362726688385,-0.11068904399871826,0.27427780628204346,0.41846442222595215,-0.03962332755327225,0.3069591224193573,0.29669463634490967,-0.07873212546110153,0.32024556398391724,0.21395128965377808,-0.10544886440038681,0.332682728767395,0.13619694113731384,-0.11966723948717117,0.22771567106246948,0.4186842739582062,-0.04506252333521843,0.2265549749135971,0.34068647027015686,-0.10441522300243378,0.20192290842533112,0.4181409180164337,-0.1188662052154541,0.18683263659477234,0.4808911085128784,-0.11233491450548172,0.18223002552986145,0.44753947854042053,-0.053490955382585526,0.16649049520492554,0.4167492687702179,-0.10506533831357956,0.1572262942790985,0.4745462238788605,-0.11272172629833221,0.15617838501930237,0.5266005396842957,-0.10644729435443878,Scissors
0.37762606143951416,0.6561415791511536,4.251545817623992e-07,0.4407202899456024,0.6657207608222961,-0.029728498309850693,0.5098235607147217,0.643477201461792,-0.04196101799607277,0.559973418712616,0.6088250279426575,-0.05261959508061409,0.6039777994155884,0.6012977361679077,-0.06303703784942627,0.5219375491142273,0.5107159614562988,-0.017284197732806206,0.5730501413345337,0.4549297094345093,-0.035777345299720764,0.602932870388031,0.41379567980766296,-0.052842073142528534,0.6269268989562988,0.37827062606811523,-0.06575372070074081,0.49408620595932007,0.4766499698162079,-0.017328603193163872,0.5360894799232483,0.39727115631103516,-0.033619992434978485,0.5608126521110535,0.3425087332725525,-0.050093963742256165,0.5789965987205505,0.29874736070632935,-0.06217387318611145,0.46063461899757385,0.4616794288158417,-0.021591411903500557,0.4948056936264038,0.3827652037143707,-0.03887595236301422,0.5178337097167969,0.3328574299812317,-0.05282261222600937,0.5378444194793701,0.2930266857147217,-0.06249016895890236,0.4192805886268616,0.46225398778915405,-0.029033087193965912,0.42736294865608215,0.39803624153137207,-0.04651620239019394,0.4348466694355011,0.3556053638458252,-0.05536368116736412,0.44350120425224304,0.3182123303413391,-0.060453057289123535,Paper
0.2503856420516968,0.6688801050186157,6.402622716450423e-07,0.33270809054374695,0.6660327911376953,-0.047153621912002563,0.417788028717041,0.6123736500740051,-0.06764804571866989,0.480499804019928,0.5496624112129211,-0.08392329514026642,0.5423874855041504,0.5286548137664795,-0.10016421228647232,0.399779736995697,0.4440377652645111,-0.04269036650657654,0.4564664363861084,0.35363250970840454,-0.0726785659790039,0.48955297470092773,0.2867211103439331,-0.09696903079748154,0.5173504948616028,0.22651603817939758,-0.11528778821229935,0.3590705692768097,0.4037233591079712,-0.04045487195253372,0.40302130579948425,0.2820708155632019,-0.06782661378383636,0.43024545907974243,0.1972333788871765,-0.09037888795137405,0.45230841636657715,0.1252361238002777,-0.10665281862020493,0.31406518816947937,0.3935953974723816,-0.043515969067811966,0.34606483578681946,0.2709892690181732,-0.07249530404806137,0.3662905693054199,0.19302970170974731,-0.09252926707267761,0.385406494140625,0.12754914164543152,-0.10559680312871933,0.2632312774658203,0.4070035517215729,-0.05100397393107414,0.26241156458854675,0.31176456809043884,-0.0801081508398056,0.26484984159469604,0.2470335215330124,-0.0949656143784523,0.2712576687335968,0.18719062209129333,-0.10363852977752686,Paper
0.568252682685852,0.5495778322219849,1.9330980194354197e-07,0.6115078926086426,0.5685518980026245,-0.012814823538064957,0.6611826419830322,0.5541883707046509,-0.014301369898021221,0.6957046389579773,0.5350945591926575,-0.015847746282815933,0.7202568650245667,0.5308632850646973,-0.01748809404671192,0.6799260377883911,0.4550614655017853,-0.002197672612965107,0.7184097766876221,0.42025136947631836,-0.009318902157247066,0.7398467063903809,0.3940455913543701,-0.017878610640764236,0.7562462687492371,0.36969852447509766,-0.025254039093852043,0.6637252569198608,0.4282877743244171,-0.004355519078671932,0.6983373761177063,0.37714850902557373,-0.010727442800998688,0.7189763188362122,0.34229376912117004,-0.01976308785378933,0.7327579259872437,0.3128963112831116,-0.027057264000177383,0.6427403688430786,0.4152688682079315,-0.00889218132942915,0.6717798709869385,0.3616330623626709,-0.017061688005924225,0.6914945840835571,0.328243613243103,-0.026606975123286247,0.7063826322555542,0.29963481426239014,-0.03382980450987816,0.6161278486251831,0.4126056432723999,-0.01505106221884489,0.6267971992492676,0.36574387550354004,-0.02506357990205288,0.6356443166732788,0.3329063653945923,-0.03163280338048935,0.6438379287719727,0.30376917123794556,-0.03602344170212746,Paper
